method,step,tokens,train_loss
vanilla,1,524288,10.90302
vanilla,2,1048576,10.90195
vanilla,3,1572864,10.86449
vanilla,4,2097152,10.68957
vanilla,5,2621440,10.53167
vanilla,6,3145728,10.36642
vanilla,7,3670016,10.23954
vanilla,8,4194304,10.12647
vanilla,9,4718592,10.07179
vanilla,10,5242880,10.00387
vanilla,11,5767168,9.956815
vanilla,12,6291456,9.899862
vanilla,13,6815744,9.823239
vanilla,14,7340032,9.746086
vanilla,15,7864320,9.68451
vanilla,16,8388608,9.541535
vanilla,17,8912896,9.448
vanilla,18,9437184,9.35529
vanilla,19,9961472,9.260559
vanilla,20,10485760,9.173967
vanilla,21,11010048,9.076418
vanilla,22,11534336,8.943201
vanilla,23,12058624,8.872342
vanilla,24,12582912,8.760804
vanilla,25,13107200,8.648052
vanilla,26,13631488,8.56283
vanilla,27,14155776,8.43329
vanilla,28,14680064,8.343969
vanilla,29,15204352,8.24374
vanilla,30,15728640,8.16138
vanilla,31,16252928,8.079855
vanilla,32,16777216,7.946958
vanilla,33,17301504,7.872302
vanilla,34,17825792,7.791308
vanilla,35,18350080,7.786447
vanilla,36,18874368,7.690761
vanilla,37,19398656,7.642782
vanilla,38,19922944,7.563814
vanilla,39,20447232,7.540593
vanilla,40,20971520,7.379864
vanilla,41,21495808,7.365376
vanilla,42,22020096,7.383381
vanilla,43,22544384,7.320726
vanilla,44,23068672,7.28299
vanilla,45,23592960,7.217884
vanilla,46,24117248,7.137035
vanilla,47,24641536,7.126042
vanilla,48,25165824,7.170353
vanilla,49,25690112,7.075856
vanilla,50,26214400,7.013202
vanilla,51,26738688,6.976338
vanilla,52,27262976,6.954725
vanilla,53,27787264,6.89048
vanilla,54,28311552,6.857928
vanilla,55,28835840,6.806732
vanilla,56,29360128,6.911475
vanilla,57,29884416,6.826308
vanilla,58,30408704,6.694301
vanilla,59,30932992,6.748431
vanilla,60,31457280,6.699066
vanilla,61,31981568,6.642632
vanilla,62,32505856,6.570153
vanilla,63,33030144,6.563684
vanilla,64,33554432,6.540523
vanilla,65,34078720,6.492185
vanilla,66,34603008,6.477574
vanilla,67,35127296,6.563362
vanilla,68,35651584,6.457108
vanilla,69,36175872,6.481694
vanilla,70,36700160,6.435679
vanilla,71,37224448,6.336615
vanilla,72,37748736,6.304762
vanilla,73,38273024,6.335548
vanilla,74,38797312,6.289598
vanilla,75,39321600,6.290362
vanilla,76,39845888,6.222706
vanilla,77,40370176,6.231954
vanilla,78,40894464,6.143916
vanilla,79,41418752,6.152729
vanilla,80,41943040,6.17525
vanilla,81,42467328,6.143745
vanilla,82,42991616,6.147173
vanilla,83,43515904,6.26325
vanilla,84,44040192,6.131117
vanilla,85,44564480,6.067451
vanilla,86,45088768,6.084516
vanilla,87,45613056,5.986749
vanilla,88,46137344,6.050928
vanilla,89,46661632,6.048744
vanilla,90,47185920,6.013216
vanilla,91,47710208,5.981654
vanilla,92,48234496,5.963675
vanilla,93,48758784,5.915031
vanilla,94,49283072,5.959279
vanilla,95,49807360,5.992141
vanilla,96,50331648,5.840478
vanilla,97,50855936,5.892987
vanilla,98,51380224,5.913936
vanilla,99,51904512,5.878678
vanilla,100,52428800,5.897034
vanilla,101,52953088,5.812268
vanilla,102,53477376,5.910419
vanilla,103,54001664,5.839034
vanilla,104,54525952,5.903461
vanilla,105,55050240,5.867911
vanilla,106,55574528,5.735614
vanilla,107,56098816,5.763246
vanilla,108,56623104,5.780152
vanilla,109,57147392,5.769965
vanilla,110,57671680,5.78556
vanilla,111,58195968,5.700223
vanilla,112,58720256,5.764322
vanilla,113,59244544,5.702461
vanilla,114,59768832,5.695084
vanilla,115,60293120,5.723428
vanilla,116,60817408,5.675885
vanilla,117,61341696,5.714172
vanilla,118,61865984,5.671917
vanilla,119,62390272,5.576837
vanilla,120,62914560,5.616786
vanilla,121,63438848,5.652916
vanilla,122,63963136,5.653246
vanilla,123,64487424,5.639727
vanilla,124,65011712,5.583507
vanilla,125,65536000,5.612198
vanilla,126,66060288,5.600414
vanilla,127,66584576,5.651899
vanilla,128,67108864,5.522882
vanilla,129,67633152,5.620613
vanilla,130,68157440,5.596155
vanilla,131,68681728,5.588614
vanilla,132,69206016,5.518602
vanilla,133,69730304,5.520251
vanilla,134,70254592,5.509331
vanilla,135,70778880,5.54843
vanilla,136,71303168,5.487313
vanilla,137,71827456,5.535813
vanilla,138,72351744,5.535536
vanilla,139,72876032,5.459665
vanilla,140,73400320,5.53305
vanilla,141,73924608,5.48223
vanilla,142,74448896,5.502381
vanilla,143,74973184,5.451388
vanilla,144,75497472,5.44331
vanilla,145,76021760,5.46327
vanilla,146,76546048,5.355532
vanilla,147,77070336,5.398311
vanilla,148,77594624,5.460557
vanilla,149,78118912,5.427081
vanilla,150,78643200,5.324505
vanilla,151,79167488,5.431404
vanilla,152,79691776,5.344904
vanilla,153,80216064,5.260172
vanilla,154,80740352,5.395935
vanilla,155,81264640,5.380129
vanilla,156,81788928,5.364312
vanilla,157,82313216,5.327101
vanilla,158,82837504,5.285248
vanilla,159,83361792,5.246181
vanilla,160,83886080,5.252942
vanilla,161,84410368,5.288465
vanilla,162,84934656,5.329037
vanilla,163,85458944,5.293984
vanilla,164,85983232,5.247014
vanilla,165,86507520,5.247859
vanilla,166,87031808,5.227572
vanilla,167,87556096,5.215107
vanilla,168,88080384,5.195662
vanilla,169,88604672,5.271396
vanilla,170,89128960,5.189801
vanilla,171,89653248,5.207876
vanilla,172,90177536,5.224516
vanilla,173,90701824,5.094646
vanilla,174,91226112,5.16402
vanilla,175,91750400,5.141629
vanilla,176,92274688,5.165811
vanilla,177,92798976,5.071616
vanilla,178,93323264,5.078403
vanilla,179,93847552,5.095963
vanilla,180,94371840,5.114772
vanilla,181,94896128,5.079543
vanilla,182,95420416,5.107213
vanilla,183,95944704,5.101305
vanilla,184,96468992,5.056566
vanilla,185,96993280,5.089102
vanilla,186,97517568,5.088669
vanilla,187,98041856,5.096944
vanilla,188,98566144,5.059866
vanilla,189,99090432,5.047326
vanilla,190,99614720,5.085351
vanilla,191,100139008,5.109572
vanilla,192,100663296,5.025826
vanilla,193,101187584,4.955661
vanilla,194,101711872,5.027413
vanilla,195,102236160,5.045837
vanilla,196,102760448,5.023011
vanilla,197,103284736,5.021928
vanilla,198,103809024,4.99456
vanilla,199,104333312,5.074643
vanilla,200,104857600,5.041749
vanilla,201,105381888,5.071123
vanilla,202,105906176,5.049569
vanilla,203,106430464,5.050383
vanilla,204,106954752,4.96201
vanilla,205,107479040,4.926384
vanilla,206,108003328,4.949358
vanilla,207,108527616,4.998396
vanilla,208,109051904,4.989128
vanilla,209,109576192,4.947598
vanilla,210,110100480,4.970714
vanilla,211,110624768,4.983934
vanilla,212,111149056,4.925752
vanilla,213,111673344,4.964423
vanilla,214,112197632,4.873483
vanilla,215,112721920,4.785863
vanilla,216,113246208,4.862944
vanilla,217,113770496,4.79424
vanilla,218,114294784,4.891749
vanilla,219,114819072,4.856255
vanilla,220,115343360,4.925976
vanilla,221,115867648,4.823389
vanilla,222,116391936,4.827284
vanilla,223,116916224,4.863529
vanilla,224,117440512,4.889932
vanilla,225,117964800,4.82155
vanilla,226,118489088,4.835444
vanilla,227,119013376,4.802279
vanilla,228,119537664,4.860216
vanilla,229,120061952,4.835448
vanilla,230,120586240,4.804947
vanilla,231,121110528,4.685128
vanilla,232,121634816,4.795507
vanilla,233,122159104,4.731315
vanilla,234,122683392,4.739037
vanilla,235,123207680,4.718146
vanilla,236,123731968,4.733626
vanilla,237,124256256,4.75689
vanilla,238,124780544,4.64945
vanilla,239,125304832,4.692483
vanilla,240,125829120,4.723638
vanilla,241,126353408,4.64972
vanilla,242,126877696,4.661735
vanilla,243,127401984,4.651275
vanilla,244,127926272,4.639014
vanilla,245,128450560,4.626661
vanilla,246,128974848,4.609439
vanilla,247,129499136,4.577644
vanilla,248,130023424,4.60442
vanilla,249,130547712,4.626088
vanilla,250,131072000,4.561794
vanilla,251,131596288,4.526215
vanilla,252,132120576,4.541159
vanilla,253,132644864,4.560651
vanilla,254,133169152,4.524424
vanilla,255,133693440,4.449132
vanilla,256,134217728,4.513425
vanilla,257,134742016,4.425441
vanilla,258,135266304,4.449685
vanilla,259,135790592,4.379949
vanilla,260,136314880,4.490792
vanilla,261,136839168,4.409116
vanilla,262,137363456,4.475837
vanilla,263,137887744,4.451114
vanilla,264,138412032,4.474127
vanilla,265,138936320,4.41833
vanilla,266,139460608,4.442935
vanilla,267,139984896,4.393883
vanilla,268,140509184,4.304873
vanilla,269,141033472,4.381363
vanilla,270,141557760,4.355532
vanilla,271,142082048,4.354937
vanilla,272,142606336,4.336276
vanilla,273,143130624,4.345513
vanilla,274,143654912,4.323041
vanilla,275,144179200,4.410994
vanilla,276,144703488,4.383997
vanilla,277,145227776,4.366953
vanilla,278,145752064,4.318368
vanilla,279,146276352,4.400311
vanilla,280,146800640,4.212306
vanilla,281,147324928,4.226414
vanilla,282,147849216,4.312167
vanilla,283,148373504,4.270071
vanilla,284,148897792,4.256683
vanilla,285,149422080,4.199635
vanilla,286,149946368,4.175885
vanilla,287,150470656,4.346481
vanilla,288,150994944,4.193645
vanilla,289,151519232,4.254665
vanilla,290,152043520,4.167958
vanilla,291,152567808,4.162081
vanilla,292,153092096,4.118248
vanilla,293,153616384,4.113697
vanilla,294,154140672,4.283631
vanilla,295,154664960,4.213195
vanilla,296,155189248,4.227141
vanilla,297,155713536,4.130041
vanilla,298,156237824,4.137095
vanilla,299,156762112,4.240605
vanilla,300,157286400,4.18358
vanilla,301,157810688,4.198424
vanilla,302,158334976,4.140924
vanilla,303,158859264,4.167154
vanilla,304,159383552,4.129165
vanilla,305,159907840,4.143664
vanilla,306,160432128,4.133466
vanilla,307,160956416,4.215977
vanilla,308,161480704,4.159551
vanilla,309,162004992,4.059652
vanilla,310,162529280,4.165021
vanilla,311,163053568,4.189989
vanilla,312,163577856,4.200344
vanilla,313,164102144,4.110791
vanilla,314,164626432,4.116529
vanilla,315,165150720,3.983817
vanilla,316,165675008,4.129728
vanilla,317,166199296,4.140073
vanilla,318,166723584,4.030678
vanilla,319,167247872,4.077992
vanilla,320,167772160,4.0311
vanilla,321,168296448,3.990453
vanilla,322,168820736,4.119475
vanilla,323,169345024,4.091341
vanilla,324,169869312,4.156916
vanilla,325,170393600,4.074845
vanilla,326,170917888,4.092999
vanilla,327,171442176,4.038802
vanilla,328,171966464,4.004344
vanilla,329,172490752,4.035739
vanilla,330,173015040,4.084307
vanilla,331,173539328,4.086544
vanilla,332,174063616,4.022069
vanilla,333,174587904,4.041206
vanilla,334,175112192,4.068287
vanilla,335,175636480,4.058084
vanilla,336,176160768,4.044329
vanilla,337,176685056,3.967277
vanilla,338,177209344,3.927127
vanilla,339,177733632,4.121957
vanilla,340,178257920,3.944106
vanilla,341,178782208,3.96509
vanilla,342,179306496,4.02352
vanilla,343,179830784,3.912245
vanilla,344,180355072,4.06335
vanilla,345,180879360,3.980657
vanilla,346,181403648,3.967128
vanilla,347,181927936,4.009922
vanilla,348,182452224,3.991322
vanilla,349,182976512,3.981099
vanilla,350,183500800,4.065516
vanilla,351,184025088,3.976206
vanilla,352,184549376,4.007631
vanilla,353,185073664,3.972882
vanilla,354,185597952,4.037189
vanilla,355,186122240,3.894079
vanilla,356,186646528,3.995979
vanilla,357,187170816,3.899953
vanilla,358,187695104,3.918802
vanilla,359,188219392,3.914376
vanilla,360,188743680,4.028075
vanilla,361,189267968,3.906355
vanilla,362,189792256,4.004107
vanilla,363,190316544,3.901433
vanilla,364,190840832,4.021735
vanilla,365,191365120,3.984157
vanilla,366,191889408,3.964925
vanilla,367,192413696,3.996799
vanilla,368,192937984,4.019696
vanilla,369,193462272,3.935479
vanilla,370,193986560,3.909426
vanilla,371,194510848,3.958235
vanilla,372,195035136,3.961463
vanilla,373,195559424,3.928528
vanilla,374,196083712,4.009936
vanilla,375,196608000,3.904377
vanilla,376,197132288,3.914251
vanilla,377,197656576,3.870257
vanilla,378,198180864,3.862638
vanilla,379,198705152,3.941798
vanilla,380,199229440,3.936921
vanilla,381,199753728,3.902951
vanilla,382,200278016,3.886978
vanilla,383,200802304,3.821794
vanilla,384,201326592,3.92526
vanilla,385,201850880,3.796809
vanilla,386,202375168,3.860415
vanilla,387,202899456,3.879323
vanilla,388,203423744,3.915334
vanilla,389,203948032,3.938163
vanilla,390,204472320,3.850435
vanilla,391,204996608,3.894701
vanilla,392,205520896,3.83102
vanilla,393,206045184,3.828193
vanilla,394,206569472,3.760385
vanilla,395,207093760,3.782534
vanilla,396,207618048,3.791588
vanilla,397,208142336,3.961709
vanilla,398,208666624,3.874566
vanilla,399,209190912,3.823561
vanilla,400,209715200,3.851038
vanilla,401,210239488,3.812716
vanilla,402,210763776,3.88024
vanilla,403,211288064,3.788136
vanilla,404,211812352,3.837474
vanilla,405,212336640,3.8153
vanilla,406,212860928,3.788918
vanilla,407,213385216,3.807314
vanilla,408,213909504,3.84878
vanilla,409,214433792,3.837138
vanilla,410,214958080,3.767417
vanilla,411,215482368,3.728566
vanilla,412,216006656,3.82058
vanilla,413,216530944,3.873788
vanilla,414,217055232,3.811457
vanilla,415,217579520,3.799617
vanilla,416,218103808,3.738499
vanilla,417,218628096,3.808301
vanilla,418,219152384,3.792151
vanilla,419,219676672,3.763393
vanilla,420,220200960,3.860939
vanilla,421,220725248,3.933984
vanilla,422,221249536,3.83437
vanilla,423,221773824,3.784142
vanilla,424,222298112,3.844239
vanilla,425,222822400,3.776845
vanilla,426,223346688,3.708189
vanilla,427,223870976,3.686197
vanilla,428,224395264,3.834489
vanilla,429,224919552,3.853051
vanilla,430,225443840,3.872483
vanilla,431,225968128,3.803739
vanilla,432,226492416,3.708479
vanilla,433,227016704,3.734441
vanilla,434,227540992,3.838453
vanilla,435,228065280,3.777815
vanilla,436,228589568,3.838157
vanilla,437,229113856,3.786783
vanilla,438,229638144,3.782452
vanilla,439,230162432,3.834225
vanilla,440,230686720,3.797943
vanilla,441,231211008,3.723339
vanilla,442,231735296,3.706714
vanilla,443,232259584,3.78361
vanilla,444,232783872,3.734744
vanilla,445,233308160,3.804773
vanilla,446,233832448,3.770797
vanilla,447,234356736,3.787488
vanilla,448,234881024,3.851825
vanilla,449,235405312,3.714168
vanilla,450,235929600,3.81229
vanilla,451,236453888,3.750996
vanilla,452,236978176,3.761226
vanilla,453,237502464,3.853977
vanilla,454,238026752,3.826586
vanilla,455,238551040,3.761351
vanilla,456,239075328,3.682795
vanilla,457,239599616,3.759681
vanilla,458,240123904,3.72515
vanilla,459,240648192,3.776274
vanilla,460,241172480,3.779661
vanilla,461,241696768,3.785855
vanilla,462,242221056,3.787149
vanilla,463,242745344,3.66403
vanilla,464,243269632,3.702705
vanilla,465,243793920,3.743078
vanilla,466,244318208,3.666869
vanilla,467,244842496,3.767874
vanilla,468,245366784,3.727809
vanilla,469,245891072,3.764816
vanilla,470,246415360,3.656082
vanilla,471,246939648,3.732734
vanilla,472,247463936,3.777698
vanilla,473,247988224,3.795904
vanilla,474,248512512,3.688637
vanilla,475,249036800,3.662643
vanilla,476,249561088,3.733525
vanilla,477,250085376,3.754483
vanilla,478,250609664,3.826323
vanilla,479,251133952,3.706936
vanilla,480,251658240,3.749475
vanilla,481,252182528,3.784439
vanilla,482,252706816,3.702524
vanilla,483,253231104,3.775027
vanilla,484,253755392,3.662469
vanilla,485,254279680,3.67067
vanilla,486,254803968,3.645049
vanilla,487,255328256,3.794827
vanilla,488,255852544,3.854896
vanilla,489,256376832,3.646165
vanilla,490,256901120,3.804294
vanilla,491,257425408,3.68749
vanilla,492,257949696,3.717777
vanilla,493,258473984,3.686836
vanilla,494,258998272,3.727472
vanilla,495,259522560,3.664486
vanilla,496,260046848,3.605049
vanilla,497,260571136,3.646491
vanilla,498,261095424,3.709079
vanilla,499,261619712,3.706367
vanilla,500,262144000,3.672533
vanilla,501,262668288,3.742701
vanilla,502,263192576,3.708875
vanilla,503,263716864,3.702729
vanilla,504,264241152,3.625095
vanilla,505,264765440,3.664856
vanilla,506,265289728,3.74357
vanilla,507,265814016,3.637537
vanilla,508,266338304,3.646673
vanilla,509,266862592,3.628175
vanilla,510,267386880,3.630444
vanilla,511,267911168,3.659573
vanilla,512,268435456,3.675117
vanilla,513,268959744,3.677607
vanilla,514,269484032,3.651
vanilla,515,270008320,3.637192
vanilla,516,270532608,3.699633
vanilla,517,271056896,3.722209
vanilla,518,271581184,3.756743
vanilla,519,272105472,3.614943
vanilla,520,272629760,3.668971
vanilla,521,273154048,3.626508
vanilla,522,273678336,3.712125
vanilla,523,274202624,3.684616
vanilla,524,274726912,3.643317
vanilla,525,275251200,3.626926
vanilla,526,275775488,3.701536
vanilla,527,276299776,3.64268
vanilla,528,276824064,3.77248
vanilla,529,277348352,3.704776
vanilla,530,277872640,3.663512
vanilla,531,278396928,3.651927
vanilla,532,278921216,3.662043
vanilla,533,279445504,3.690434
vanilla,534,279969792,3.691203
vanilla,535,280494080,3.696246
vanilla,536,281018368,3.69337
vanilla,537,281542656,3.695374
vanilla,538,282066944,3.649801
vanilla,539,282591232,3.696552
vanilla,540,283115520,3.74345
vanilla,541,283639808,3.720342
vanilla,542,284164096,3.702355
vanilla,543,284688384,3.685058
vanilla,544,285212672,3.776575
vanilla,545,285736960,3.657238
vanilla,546,286261248,3.670366
vanilla,547,286785536,3.602601
vanilla,548,287309824,3.739552
vanilla,549,287834112,3.548666
vanilla,550,288358400,3.676658
vanilla,551,288882688,3.580728
vanilla,552,289406976,3.630043
vanilla,553,289931264,3.656788
vanilla,554,290455552,3.705435
vanilla,555,290979840,3.566444
vanilla,556,291504128,3.689442
vanilla,557,292028416,3.68861
vanilla,558,292552704,3.608225
vanilla,559,293076992,3.562207
vanilla,560,293601280,3.689189
vanilla,561,294125568,3.639316
vanilla,562,294649856,3.579347
vanilla,563,295174144,3.669702
vanilla,564,295698432,3.588776
vanilla,565,296222720,3.606067
vanilla,566,296747008,3.628603
vanilla,567,297271296,3.557351
vanilla,568,297795584,3.572214
vanilla,569,298319872,3.56882
vanilla,570,298844160,3.598958
vanilla,571,299368448,3.596701
vanilla,572,299892736,3.523304
vanilla,573,300417024,3.587756
vanilla,574,300941312,3.668333
vanilla,575,301465600,3.554618
vanilla,576,301989888,3.565763
vanilla,577,302514176,3.656239
vanilla,578,303038464,3.617866
vanilla,579,303562752,3.578138
vanilla,580,304087040,3.655422
vanilla,581,304611328,3.713194
vanilla,582,305135616,3.619841
vanilla,583,305659904,3.530486
vanilla,584,306184192,3.567274
vanilla,585,306708480,3.630675
vanilla,586,307232768,3.611278
vanilla,587,307757056,3.545894
vanilla,588,308281344,3.565765
vanilla,589,308805632,3.471852
vanilla,590,309329920,3.54951
vanilla,591,309854208,3.584468
vanilla,592,310378496,3.616189
vanilla,593,310902784,3.625119
vanilla,594,311427072,3.514616
vanilla,595,311951360,3.574778
vanilla,596,312475648,3.676571
vanilla,597,312999936,3.626158
vanilla,598,313524224,3.58267
vanilla,599,314048512,3.614192
vanilla,600,314572800,3.553816
vanilla,601,315097088,3.607837
vanilla,602,315621376,3.514274
vanilla,603,316145664,3.696731
vanilla,604,316669952,3.592241
vanilla,605,317194240,3.592273
vanilla,606,317718528,3.400218
vanilla,607,318242816,3.478847
vanilla,608,318767104,3.570773
vanilla,609,319291392,3.579026
vanilla,610,319815680,3.47917
vanilla,611,320339968,3.587926
vanilla,612,320864256,3.558408
vanilla,613,321388544,3.562423
vanilla,614,321912832,3.618927
vanilla,615,322437120,3.507072
vanilla,616,322961408,3.57306
vanilla,617,323485696,3.554164
vanilla,618,324009984,3.587097
vanilla,619,324534272,3.589487
vanilla,620,325058560,3.576328
vanilla,621,325582848,3.522738
vanilla,622,326107136,3.59435
vanilla,623,326631424,3.6222
vanilla,624,327155712,3.604637
vanilla,625,327680000,3.517357
vanilla,626,328204288,3.581917
vanilla,627,328728576,3.522512
vanilla,628,329252864,3.530277
vanilla,629,329777152,3.552857
vanilla,630,330301440,3.580674
vanilla,631,330825728,3.56942
vanilla,632,331350016,3.495296
vanilla,633,331874304,3.53933
vanilla,634,332398592,3.438332
vanilla,635,332922880,3.556301
vanilla,636,333447168,3.62118
vanilla,637,333971456,3.51087
vanilla,638,334495744,3.547289
vanilla,639,335020032,3.459763
vanilla,640,335544320,3.519225
vanilla,641,336068608,3.553308
vanilla,642,336592896,3.621847
vanilla,643,337117184,3.474542
vanilla,644,337641472,3.513496
vanilla,645,338165760,3.547791
vanilla,646,338690048,3.573259
vanilla,647,339214336,3.614581
vanilla,648,339738624,3.566539
vanilla,649,340262912,3.51749
vanilla,650,340787200,3.568261
vanilla,651,341311488,3.541322
vanilla,652,341835776,3.512724
vanilla,653,342360064,3.486276
vanilla,654,342884352,3.508674
vanilla,655,343408640,3.514384
vanilla,656,343932928,3.534317
vanilla,657,344457216,3.589067
vanilla,658,344981504,3.602438
vanilla,659,345505792,3.618891
vanilla,660,346030080,3.528842
vanilla,661,346554368,3.597131
vanilla,662,347078656,3.525577
vanilla,663,347602944,3.491735
vanilla,664,348127232,3.586998
vanilla,665,348651520,3.450509
vanilla,666,349175808,3.435811
vanilla,667,349700096,3.537208
vanilla,668,350224384,3.595672
vanilla,669,350748672,3.569734
vanilla,670,351272960,3.493782
vanilla,671,351797248,3.490915
vanilla,672,352321536,3.415517
vanilla,673,352845824,3.582902
vanilla,674,353370112,3.504016
vanilla,675,353894400,3.630028
vanilla,676,354418688,3.473951
vanilla,677,354942976,3.534755
vanilla,678,355467264,3.571805
vanilla,679,355991552,3.486176
vanilla,680,356515840,3.489943
vanilla,681,357040128,3.583243
vanilla,682,357564416,3.587868
vanilla,683,358088704,3.517236
vanilla,684,358612992,3.544361
vanilla,685,359137280,3.549232
vanilla,686,359661568,3.631004
vanilla,687,360185856,3.571962
vanilla,688,360710144,3.463466
vanilla,689,361234432,3.541112
vanilla,690,361758720,3.477909
vanilla,691,362283008,3.501207
vanilla,692,362807296,3.458647
vanilla,693,363331584,3.509579
vanilla,694,363855872,3.593351
vanilla,695,364380160,3.603884
vanilla,696,364904448,3.561488
vanilla,697,365428736,3.452835
vanilla,698,365953024,3.468758
vanilla,699,366477312,3.451224
vanilla,700,367001600,3.557083
vanilla,701,367525888,3.536279
vanilla,702,368050176,3.473094
vanilla,703,368574464,3.577846
vanilla,704,369098752,3.524141
vanilla,705,369623040,3.508628
vanilla,706,370147328,3.514855
vanilla,707,370671616,3.484618
vanilla,708,371195904,3.64928
vanilla,709,371720192,3.445554
vanilla,710,372244480,3.461624
vanilla,711,372768768,3.536993
vanilla,712,373293056,3.542382
vanilla,713,373817344,3.443592
vanilla,714,374341632,3.49958
vanilla,715,374865920,3.356405
vanilla,716,375390208,3.468149
vanilla,717,375914496,3.479457
vanilla,718,376438784,3.536443
vanilla,719,376963072,3.543687
vanilla,720,377487360,3.536757
vanilla,721,378011648,3.542264
vanilla,722,378535936,3.52775
vanilla,723,379060224,3.518303
vanilla,724,379584512,3.512022
vanilla,725,380108800,3.478594
vanilla,726,380633088,3.509272
vanilla,727,381157376,3.380447
vanilla,728,381681664,3.349835
vanilla,729,382205952,3.50681
vanilla,730,382730240,3.511231
vanilla,731,383254528,3.514266
vanilla,732,383778816,3.517743
vanilla,733,384303104,3.481149
vanilla,734,384827392,3.471341
vanilla,735,385351680,3.515087
vanilla,736,385875968,3.481073
vanilla,737,386400256,3.525302
vanilla,738,386924544,3.494962
vanilla,739,387448832,3.537436
vanilla,740,387973120,3.386778
vanilla,741,388497408,3.468252
vanilla,742,389021696,3.497893
vanilla,743,389545984,3.551263
vanilla,744,390070272,3.530829
vanilla,745,390594560,3.563191
vanilla,746,391118848,3.49982
vanilla,747,391643136,3.467071
vanilla,748,392167424,3.614174
vanilla,749,392691712,3.451164
vanilla,750,393216000,3.405304
vanilla,751,393740288,3.484068
vanilla,752,394264576,3.540116
vanilla,753,394788864,3.499306
vanilla,754,395313152,3.581275
vanilla,755,395837440,3.401168
vanilla,756,396361728,3.566479
vanilla,757,396886016,3.503916
vanilla,758,397410304,3.38521
vanilla,759,397934592,3.390259
vanilla,760,398458880,3.527574
vanilla,761,398983168,3.554585
vanilla,762,399507456,3.424697
vanilla,763,400031744,3.411294
vanilla,764,400556032,3.507502
vanilla,765,401080320,3.538188
vanilla,766,401604608,3.431811
vanilla,767,402128896,3.580189
vanilla,768,402653184,3.520929
vanilla,769,403177472,3.420109
vanilla,770,403701760,3.554382
vanilla,771,404226048,3.460827
vanilla,772,404750336,3.467119
vanilla,773,405274624,3.559198
vanilla,774,405798912,3.463286
vanilla,775,406323200,3.4319
vanilla,776,406847488,3.532765
vanilla,777,407371776,3.465488
vanilla,778,407896064,3.534168
vanilla,779,408420352,3.421872
vanilla,780,408944640,3.45849
vanilla,781,409468928,3.437463
vanilla,782,409993216,3.480983
vanilla,783,410517504,3.42615
vanilla,784,411041792,3.473773
vanilla,785,411566080,3.465372
vanilla,786,412090368,3.429875
vanilla,787,412614656,3.509314
vanilla,788,413138944,3.390578
vanilla,789,413663232,3.416981
vanilla,790,414187520,3.497681
vanilla,791,414711808,3.395404
vanilla,792,415236096,3.453463
vanilla,793,415760384,3.428201
vanilla,794,416284672,3.450896
vanilla,795,416808960,3.47301
vanilla,796,417333248,3.470361
vanilla,797,417857536,3.471971
vanilla,798,418381824,3.480792
vanilla,799,418906112,3.515068
vanilla,800,419430400,3.423343
vanilla,801,419954688,3.420416
vanilla,802,420478976,3.379703
vanilla,803,421003264,3.43282
vanilla,804,421527552,3.441515
vanilla,805,422051840,3.396748
vanilla,806,422576128,3.492743
vanilla,807,423100416,3.412711
vanilla,808,423624704,3.489589
vanilla,809,424148992,3.534203
vanilla,810,424673280,3.459394
vanilla,811,425197568,3.418744
vanilla,812,425721856,3.407298
vanilla,813,426246144,3.543434
vanilla,814,426770432,3.470441
vanilla,815,427294720,3.502505
vanilla,816,427819008,3.525138
vanilla,817,428343296,3.48832
vanilla,818,428867584,3.467839
vanilla,819,429391872,3.324514
vanilla,820,429916160,3.381851
vanilla,821,430440448,3.33444
vanilla,822,430964736,3.43304
vanilla,823,431489024,3.493124
vanilla,824,432013312,3.462688
vanilla,825,432537600,3.470163
vanilla,826,433061888,3.48075
vanilla,827,433586176,3.495519
vanilla,828,434110464,3.332876
vanilla,829,434634752,3.4565
vanilla,830,435159040,3.416453
vanilla,831,435683328,3.393747
vanilla,832,436207616,3.421613
vanilla,833,436731904,3.41785
vanilla,834,437256192,3.463966
vanilla,835,437780480,3.51319
vanilla,836,438304768,3.464583
vanilla,837,438829056,3.441288
vanilla,838,439353344,3.513011
vanilla,839,439877632,3.430397
vanilla,840,440401920,3.456007
vanilla,841,440926208,3.3672
vanilla,842,441450496,3.458113
vanilla,843,441974784,3.430898
vanilla,844,442499072,3.523461
vanilla,845,443023360,3.390887
vanilla,846,443547648,3.424592
vanilla,847,444071936,3.498944
vanilla,848,444596224,3.426494
vanilla,849,445120512,3.489955
vanilla,850,445644800,3.412065
vanilla,851,446169088,3.363173
vanilla,852,446693376,3.484705
vanilla,853,447217664,3.432076
vanilla,854,447741952,3.470814
vanilla,855,448266240,3.447177
vanilla,856,448790528,3.425366
vanilla,857,449314816,3.459986
vanilla,858,449839104,3.325637
vanilla,859,450363392,3.31363
vanilla,860,450887680,3.380622
vanilla,861,451411968,3.365032
vanilla,862,451936256,3.428535
vanilla,863,452460544,3.522545
vanilla,864,452984832,3.454574
vanilla,865,453509120,3.391615
vanilla,866,454033408,3.415508
vanilla,867,454557696,3.438976
vanilla,868,455081984,3.37633
vanilla,869,455606272,3.330657
vanilla,870,456130560,3.464227
vanilla,871,456654848,3.338051
vanilla,872,457179136,3.395169
vanilla,873,457703424,3.429195
vanilla,874,458227712,3.459787
vanilla,875,458752000,3.340211
vanilla,876,459276288,3.512893
vanilla,877,459800576,3.429547
vanilla,878,460324864,3.477121
vanilla,879,460849152,3.39009
vanilla,880,461373440,3.416945
vanilla,881,461897728,3.333941
vanilla,882,462422016,3.468549
vanilla,883,462946304,3.401063
vanilla,884,463470592,3.361051
vanilla,885,463994880,3.389241
vanilla,886,464519168,3.449807
vanilla,887,465043456,3.372044
vanilla,888,465567744,3.348979
vanilla,889,466092032,3.412113
vanilla,890,466616320,3.342191
vanilla,891,467140608,3.41302
vanilla,892,467664896,3.363741
vanilla,893,468189184,3.392002
vanilla,894,468713472,3.44259
vanilla,895,469237760,3.4038
vanilla,896,469762048,3.295398
vanilla,897,470286336,3.405694
vanilla,898,470810624,3.481114
vanilla,899,471334912,3.403514
vanilla,900,471859200,3.317705
vanilla,901,472383488,3.424918
vanilla,902,472907776,3.435583
vanilla,903,473432064,3.417533
vanilla,904,473956352,3.382853
vanilla,905,474480640,3.51523
vanilla,906,475004928,3.367924
vanilla,907,475529216,3.344762
vanilla,908,476053504,3.431098
vanilla,909,476577792,3.460251
vanilla,910,477102080,3.424706
vanilla,911,477626368,3.42398
vanilla,912,478150656,3.406462
vanilla,913,478674944,3.339645
vanilla,914,479199232,3.361381
vanilla,915,479723520,3.358567
vanilla,916,480247808,3.381573
vanilla,917,480772096,3.387655
vanilla,918,481296384,3.408028
vanilla,919,481820672,3.40168
vanilla,920,482344960,3.387599
vanilla,921,482869248,3.408444
vanilla,922,483393536,3.389283
vanilla,923,483917824,3.426034
vanilla,924,484442112,3.464492
vanilla,925,484966400,3.379428
vanilla,926,485490688,3.355777
vanilla,927,486014976,3.438389
vanilla,928,486539264,3.45786
vanilla,929,487063552,3.506579
vanilla,930,487587840,3.422196
vanilla,931,488112128,3.415225
vanilla,932,488636416,3.421335
vanilla,933,489160704,3.371975
vanilla,934,489684992,3.413794
vanilla,935,490209280,3.387575
vanilla,936,490733568,3.484959
vanilla,937,491257856,3.478721
vanilla,938,491782144,3.510425
vanilla,939,492306432,3.455002
vanilla,940,492830720,3.313972
vanilla,941,493355008,3.327696
vanilla,942,493879296,3.42081
vanilla,943,494403584,3.409043
vanilla,944,494927872,3.350238
vanilla,945,495452160,3.392172
vanilla,946,495976448,3.427024
vanilla,947,496500736,3.337162
vanilla,948,497025024,3.402049
vanilla,949,497549312,3.309755
vanilla,950,498073600,3.377767
vanilla,951,498597888,3.406044
vanilla,952,499122176,3.406485
vanilla,953,499646464,3.30341
vanilla,954,500170752,3.386511
vanilla,955,500695040,3.367478
vanilla,956,501219328,3.443654
vanilla,957,501743616,3.393654
vanilla,958,502267904,3.492545
vanilla,959,502792192,3.353367
vanilla,960,503316480,3.46066
vanilla,961,503840768,3.382615
vanilla,962,504365056,3.406664
vanilla,963,504889344,3.483512
vanilla,964,505413632,3.426942
vanilla,965,505937920,3.419728
vanilla,966,506462208,3.405416
vanilla,967,506986496,3.416139
vanilla,968,507510784,3.309514
vanilla,969,508035072,3.327782
vanilla,970,508559360,3.467698
vanilla,971,509083648,3.371733
vanilla,972,509607936,3.38047
vanilla,973,510132224,3.366755
vanilla,974,510656512,3.304884
vanilla,975,511180800,3.421621
vanilla,976,511705088,3.299172
vanilla,977,512229376,3.395707
vanilla,978,512753664,3.378688
vanilla,979,513277952,3.377679
vanilla,980,513802240,3.311032
vanilla,981,514326528,3.338164
vanilla,982,514850816,3.291377
vanilla,983,515375104,3.380669
vanilla,984,515899392,3.320166
vanilla,985,516423680,3.340841
vanilla,986,516947968,3.385072
vanilla,987,517472256,3.460848
vanilla,988,517996544,3.392459
vanilla,989,518520832,3.512464
vanilla,990,519045120,3.419061
vanilla,991,519569408,3.349966
vanilla,992,520093696,3.258968
vanilla,993,520617984,3.445922
vanilla,994,521142272,3.348189
vanilla,995,521666560,3.337641
vanilla,996,522190848,3.306638
vanilla,997,522715136,3.359065
vanilla,998,523239424,3.401096
vanilla,999,523763712,3.418562
vanilla,1000,524288000,3.428135
vanilla,1001,524812288,3.416685
vanilla,1002,525336576,3.359719
vanilla,1003,525860864,3.324359
vanilla,1004,526385152,3.36588
vanilla,1005,526909440,3.405035
vanilla,1006,527433728,3.260492
vanilla,1007,527958016,3.391514
vanilla,1008,528482304,3.479987
vanilla,1009,529006592,3.390518
vanilla,1010,529530880,3.334964
vanilla,1011,530055168,3.36464
vanilla,1012,530579456,3.367349
vanilla,1013,531103744,3.297697
vanilla,1014,531628032,3.343028
vanilla,1015,532152320,3.378503
vanilla,1016,532676608,3.341471
vanilla,1017,533200896,3.38274
vanilla,1018,533725184,3.297264
vanilla,1019,534249472,3.258564
vanilla,1020,534773760,3.383836
vanilla,1021,535298048,3.356052
vanilla,1022,535822336,3.249796
vanilla,1023,536346624,3.483494
vanilla,1024,536870912,3.333319
vanilla,1025,537395200,3.321534
vanilla,1026,537919488,3.35139
vanilla,1027,538443776,3.389978
vanilla,1028,538968064,3.331235
vanilla,1029,539492352,3.426011
vanilla,1030,540016640,3.370649
vanilla,1031,540540928,3.371807
vanilla,1032,541065216,3.375789
vanilla,1033,541589504,3.373003
vanilla,1034,542113792,3.345318
vanilla,1035,542638080,3.342667
vanilla,1036,543162368,3.318212
vanilla,1037,543686656,3.406506
vanilla,1038,544210944,3.327229
vanilla,1039,544735232,3.408384
vanilla,1040,545259520,3.300308
vanilla,1041,545783808,3.370206
vanilla,1042,546308096,3.302591
vanilla,1043,546832384,3.358288
vanilla,1044,547356672,3.350605
vanilla,1045,547880960,3.270268
vanilla,1046,548405248,3.450272
vanilla,1047,548929536,3.282799
vanilla,1048,549453824,3.430392
vanilla,1049,549978112,3.316866
vanilla,1050,550502400,3.466647
vanilla,1051,551026688,3.350067
vanilla,1052,551550976,3.413356
vanilla,1053,552075264,3.36121
vanilla,1054,552599552,3.422681
vanilla,1055,553123840,3.377387
vanilla,1056,553648128,3.332918
vanilla,1057,554172416,3.321079
vanilla,1058,554696704,3.308008
vanilla,1059,555220992,3.270714
vanilla,1060,555745280,3.345777
vanilla,1061,556269568,3.340639
vanilla,1062,556793856,3.32201
vanilla,1063,557318144,3.370547
vanilla,1064,557842432,3.43624
vanilla,1065,558366720,3.333444
vanilla,1066,558891008,3.348524
vanilla,1067,559415296,3.419032
vanilla,1068,559939584,3.307392
vanilla,1069,560463872,3.367021
vanilla,1070,560988160,3.282106
vanilla,1071,561512448,3.339592
vanilla,1072,562036736,3.321857
vanilla,1073,562561024,3.341413
vanilla,1074,563085312,3.39717
vanilla,1075,563609600,3.318545
vanilla,1076,564133888,3.407536
vanilla,1077,564658176,3.297325
vanilla,1078,565182464,3.286747
vanilla,1079,565706752,3.37587
vanilla,1080,566231040,3.342485
vanilla,1081,566755328,3.317444
vanilla,1082,567279616,3.293818
vanilla,1083,567803904,3.413933
vanilla,1084,568328192,3.28435
vanilla,1085,568852480,3.225469
vanilla,1086,569376768,3.366554
vanilla,1087,569901056,3.240547
vanilla,1088,570425344,3.345317
vanilla,1089,570949632,3.356881
vanilla,1090,571473920,3.385864
vanilla,1091,571998208,3.402018
vanilla,1092,572522496,3.347793
vanilla,1093,573046784,3.40775
vanilla,1094,573571072,3.271806
vanilla,1095,574095360,3.333667
vanilla,1096,574619648,3.343952
vanilla,1097,575143936,3.240792
vanilla,1098,575668224,3.444982
vanilla,1099,576192512,3.416678
vanilla,1100,576716800,3.329099
vanilla,1101,577241088,3.371961
vanilla,1102,577765376,3.391488
vanilla,1103,578289664,3.322248
vanilla,1104,578813952,3.329439
vanilla,1105,579338240,3.229662
vanilla,1106,579862528,3.282071
vanilla,1107,580386816,3.257458
vanilla,1108,580911104,3.366167
vanilla,1109,581435392,3.413747
vanilla,1110,581959680,3.340532
vanilla,1111,582483968,3.413426
vanilla,1112,583008256,3.379872
vanilla,1113,583532544,3.362778
vanilla,1114,584056832,3.337534
vanilla,1115,584581120,3.343514
vanilla,1116,585105408,3.387536
vanilla,1117,585629696,3.40129
vanilla,1118,586153984,3.241171
vanilla,1119,586678272,3.281102
vanilla,1120,587202560,3.399042
vanilla,1121,587726848,3.407895
vanilla,1122,588251136,3.242731
vanilla,1123,588775424,3.305124
vanilla,1124,589299712,3.385874
vanilla,1125,589824000,3.368562
vanilla,1126,590348288,3.320158
vanilla,1127,590872576,3.398426
vanilla,1128,591396864,3.323592
vanilla,1129,591921152,3.26596
vanilla,1130,592445440,3.275031
vanilla,1131,592969728,3.224554
vanilla,1132,593494016,3.364897
vanilla,1133,594018304,3.264709
vanilla,1134,594542592,3.338247
vanilla,1135,595066880,3.383461
vanilla,1136,595591168,3.330522
vanilla,1137,596115456,3.340698
vanilla,1138,596639744,3.385693
vanilla,1139,597164032,3.371285
vanilla,1140,597688320,3.371069
vanilla,1141,598212608,3.302083
vanilla,1142,598736896,3.326395
vanilla,1143,599261184,3.381344
vanilla,1144,599785472,3.375081
vanilla,1145,600309760,3.258294
vanilla,1146,600834048,3.418165
vanilla,1147,601358336,3.393767
vanilla,1148,601882624,3.241161
vanilla,1149,602406912,3.331785
vanilla,1150,602931200,3.273004
vanilla,1151,603455488,3.290296
vanilla,1152,603979776,3.382671
vanilla,1153,604504064,3.333628
vanilla,1154,605028352,3.3575
vanilla,1155,605552640,3.285738
vanilla,1156,606076928,3.267509
vanilla,1157,606601216,3.3041
vanilla,1158,607125504,3.276472
vanilla,1159,607649792,3.295935
vanilla,1160,608174080,3.279427
vanilla,1161,608698368,3.22715
vanilla,1162,609222656,3.384828
vanilla,1163,609746944,3.22775
vanilla,1164,610271232,3.337609
vanilla,1165,610795520,3.274914
vanilla,1166,611319808,3.398288
vanilla,1167,611844096,3.376758
vanilla,1168,612368384,3.327749
vanilla,1169,612892672,3.356769
vanilla,1170,613416960,3.297413
vanilla,1171,613941248,3.264818
vanilla,1172,614465536,3.332927
vanilla,1173,614989824,3.173903
vanilla,1174,615514112,3.396862
vanilla,1175,616038400,3.275826
vanilla,1176,616562688,3.316532
vanilla,1177,617086976,3.253974
vanilla,1178,617611264,3.3244
vanilla,1179,618135552,3.314744
vanilla,1180,618659840,3.281571
vanilla,1181,619184128,3.356578
vanilla,1182,619708416,3.346364
vanilla,1183,620232704,3.293013
vanilla,1184,620756992,3.274389
vanilla,1185,621281280,3.44556
vanilla,1186,621805568,3.316069
vanilla,1187,622329856,3.357154
vanilla,1188,622854144,3.330028
vanilla,1189,623378432,3.351387
vanilla,1190,623902720,3.298633
vanilla,1191,624427008,3.274648
vanilla,1192,624951296,3.305141
vanilla,1193,625475584,3.306211
vanilla,1194,625999872,3.268009
vanilla,1195,626524160,3.334074
vanilla,1196,627048448,3.310966
vanilla,1197,627572736,3.384101
vanilla,1198,628097024,3.235267
vanilla,1199,628621312,3.397446
vanilla,1200,629145600,3.261459
vanilla,1201,629669888,3.301196
vanilla,1202,630194176,3.265614
vanilla,1203,630718464,3.235347
vanilla,1204,631242752,3.282433
vanilla,1205,631767040,3.242712
vanilla,1206,632291328,3.265411
vanilla,1207,632815616,3.286723
vanilla,1208,633339904,3.265266
vanilla,1209,633864192,3.282013
vanilla,1210,634388480,3.40298
vanilla,1211,634912768,3.171758
vanilla,1212,635437056,3.333869
vanilla,1213,635961344,3.371369
vanilla,1214,636485632,3.304711
vanilla,1215,637009920,3.241582
vanilla,1216,637534208,3.395942
vanilla,1217,638058496,3.303423
vanilla,1218,638582784,3.305405
vanilla,1219,639107072,3.333774
vanilla,1220,639631360,3.34351
vanilla,1221,640155648,3.300784
vanilla,1222,640679936,3.293276
vanilla,1223,641204224,3.366428
vanilla,1224,641728512,3.207694
vanilla,1225,642252800,3.27319
vanilla,1226,642777088,3.355914
vanilla,1227,643301376,3.325287
vanilla,1228,643825664,3.378714
vanilla,1229,644349952,3.328825
vanilla,1230,644874240,3.339478
vanilla,1231,645398528,3.300883
vanilla,1232,645922816,3.286194
vanilla,1233,646447104,3.317861
vanilla,1234,646971392,3.282888
vanilla,1235,647495680,3.315894
vanilla,1236,648019968,3.33695
vanilla,1237,648544256,3.292634
vanilla,1238,649068544,3.282235
vanilla,1239,649592832,3.281026
vanilla,1240,650117120,3.319611
vanilla,1241,650641408,3.285783
vanilla,1242,651165696,3.308507
vanilla,1243,651689984,3.264883
vanilla,1244,652214272,3.281615
vanilla,1245,652738560,3.255352
vanilla,1246,653262848,3.301361
vanilla,1247,653787136,3.220448
vanilla,1248,654311424,3.361071
vanilla,1249,654835712,3.269733
vanilla,1250,655360000,3.299403
vanilla,1251,655884288,3.317862
vanilla,1252,656408576,3.206242
vanilla,1253,656932864,3.328253
vanilla,1254,657457152,3.348175
vanilla,1255,657981440,3.356865
vanilla,1256,658505728,3.249124
vanilla,1257,659030016,3.244873
vanilla,1258,659554304,3.243782
vanilla,1259,660078592,3.291641
vanilla,1260,660602880,3.291072
vanilla,1261,661127168,3.250895
vanilla,1262,661651456,3.277263
vanilla,1263,662175744,3.307452
vanilla,1264,662700032,3.354983
vanilla,1265,663224320,3.280244
vanilla,1266,663748608,3.295336
vanilla,1267,664272896,3.19656
vanilla,1268,664797184,3.327192
vanilla,1269,665321472,3.315543
vanilla,1270,665845760,3.401502
vanilla,1271,666370048,3.258379
vanilla,1272,666894336,3.278893
vanilla,1273,667418624,3.413676
vanilla,1274,667942912,3.260274
vanilla,1275,668467200,3.259978
vanilla,1276,668991488,3.196961
vanilla,1277,669515776,3.316145
vanilla,1278,670040064,3.333117
vanilla,1279,670564352,3.310888
vanilla,1280,671088640,3.274066
vanilla,1281,671612928,3.213865
vanilla,1282,672137216,3.233431
vanilla,1283,672661504,3.282118
vanilla,1284,673185792,3.319362
vanilla,1285,673710080,3.270258
vanilla,1286,674234368,3.254353
vanilla,1287,674758656,3.344867
vanilla,1288,675282944,3.192376
vanilla,1289,675807232,3.308857
vanilla,1290,676331520,3.25563
vanilla,1291,676855808,3.251758
vanilla,1292,677380096,3.226294
vanilla,1293,677904384,3.280104
vanilla,1294,678428672,3.169036
vanilla,1295,678952960,3.264376
vanilla,1296,679477248,3.294104
vanilla,1297,680001536,3.264264
vanilla,1298,680525824,3.287437
vanilla,1299,681050112,3.314268
vanilla,1300,681574400,3.221351
vanilla,1301,682098688,3.266151
vanilla,1302,682622976,3.333675
vanilla,1303,683147264,3.280915
vanilla,1304,683671552,3.285983
vanilla,1305,684195840,3.256667
vanilla,1306,684720128,3.295747
vanilla,1307,685244416,3.258959
vanilla,1308,685768704,3.28468
vanilla,1309,686292992,3.293499
vanilla,1310,686817280,3.329176
vanilla,1311,687341568,3.18467
vanilla,1312,687865856,3.167989
vanilla,1313,688390144,3.231016
vanilla,1314,688914432,3.304389
vanilla,1315,689438720,3.168512
vanilla,1316,689963008,3.249899
vanilla,1317,690487296,3.316173
vanilla,1318,691011584,3.230458
vanilla,1319,691535872,3.249222
vanilla,1320,692060160,3.277164
vanilla,1321,692584448,3.254268
vanilla,1322,693108736,3.316427
vanilla,1323,693633024,3.192968
vanilla,1324,694157312,3.20817
vanilla,1325,694681600,3.188522
vanilla,1326,695205888,3.258334
vanilla,1327,695730176,3.299252
vanilla,1328,696254464,3.291239
vanilla,1329,696778752,3.222366
vanilla,1330,697303040,3.287772
vanilla,1331,697827328,3.228493
vanilla,1332,698351616,3.231144
vanilla,1333,698875904,3.261043
vanilla,1334,699400192,3.310161
vanilla,1335,699924480,3.270629
vanilla,1336,700448768,3.278391
vanilla,1337,700973056,3.241637
vanilla,1338,701497344,3.335104
vanilla,1339,702021632,3.206329
vanilla,1340,702545920,3.333101
vanilla,1341,703070208,3.307299
vanilla,1342,703594496,3.330548
vanilla,1343,704118784,3.303862
vanilla,1344,704643072,3.197232
vanilla,1345,705167360,3.251422
vanilla,1346,705691648,3.237453
vanilla,1347,706215936,3.277767
vanilla,1348,706740224,3.223533
vanilla,1349,707264512,3.202778
vanilla,1350,707788800,3.298038
vanilla,1351,708313088,3.323705
vanilla,1352,708837376,3.261844
vanilla,1353,709361664,3.285555
vanilla,1354,709885952,3.300471
vanilla,1355,710410240,3.276326
vanilla,1356,710934528,3.210522
vanilla,1357,711458816,3.252453
vanilla,1358,711983104,3.242436
vanilla,1359,712507392,3.263045
vanilla,1360,713031680,3.311513
vanilla,1361,713555968,3.32305
vanilla,1362,714080256,3.333292
vanilla,1363,714604544,3.17723
vanilla,1364,715128832,3.29911
vanilla,1365,715653120,3.295486
vanilla,1366,716177408,3.315418
vanilla,1367,716701696,3.265709
vanilla,1368,717225984,3.221809
vanilla,1369,717750272,3.301222
vanilla,1370,718274560,3.242367
vanilla,1371,718798848,3.102731
vanilla,1372,719323136,3.250347
vanilla,1373,719847424,3.170288
vanilla,1374,720371712,3.167506
vanilla,1375,720896000,3.138612
vanilla,1376,721420288,3.233676
vanilla,1377,721944576,3.220101
vanilla,1378,722468864,3.324243
vanilla,1379,722993152,3.252924
vanilla,1380,723517440,3.307783
vanilla,1381,724041728,3.314815
vanilla,1382,724566016,3.242572
vanilla,1383,725090304,3.322024
vanilla,1384,725614592,3.259176
vanilla,1385,726138880,3.173868
vanilla,1386,726663168,3.28863
vanilla,1387,727187456,3.237618
vanilla,1388,727711744,3.232247
vanilla,1389,728236032,3.296179
vanilla,1390,728760320,3.290563
vanilla,1391,729284608,3.32616
vanilla,1392,729808896,3.282426
vanilla,1393,730333184,3.316655
vanilla,1394,730857472,3.275898
vanilla,1395,731381760,3.247776
vanilla,1396,731906048,3.244971
vanilla,1397,732430336,3.252214
vanilla,1398,732954624,3.386256
vanilla,1399,733478912,3.146887
vanilla,1400,734003200,3.317218
vanilla,1401,734527488,3.313951
vanilla,1402,735051776,3.32664
vanilla,1403,735576064,3.139752
vanilla,1404,736100352,3.120705
vanilla,1405,736624640,3.210981
vanilla,1406,737148928,3.314049
vanilla,1407,737673216,3.244004
vanilla,1408,738197504,3.319126
vanilla,1409,738721792,3.21739
vanilla,1410,739246080,3.239107
vanilla,1411,739770368,3.331954
vanilla,1412,740294656,3.261994
vanilla,1413,740818944,3.267704
vanilla,1414,741343232,3.245634
vanilla,1415,741867520,3.199195
vanilla,1416,742391808,3.310064
vanilla,1417,742916096,3.270002
vanilla,1418,743440384,3.16488
vanilla,1419,743964672,3.236718
vanilla,1420,744488960,3.268007
vanilla,1421,745013248,3.275171
vanilla,1422,745537536,3.197038
vanilla,1423,746061824,3.238387
vanilla,1424,746586112,3.343647
vanilla,1425,747110400,3.241919
vanilla,1426,747634688,3.226366
vanilla,1427,748158976,3.384076
vanilla,1428,748683264,3.24909
vanilla,1429,749207552,3.246416
vanilla,1430,749731840,3.264963
vanilla,1431,750256128,3.227083
vanilla,1432,750780416,3.15609
vanilla,1433,751304704,3.200914
vanilla,1434,751828992,3.185794
vanilla,1435,752353280,3.193284
vanilla,1436,752877568,3.222584
vanilla,1437,753401856,3.264299
vanilla,1438,753926144,3.247763
vanilla,1439,754450432,3.210686
vanilla,1440,754974720,3.143567
vanilla,1441,755499008,3.239974
vanilla,1442,756023296,3.148962
vanilla,1443,756547584,3.350906
vanilla,1444,757071872,3.22489
vanilla,1445,757596160,3.275164
vanilla,1446,758120448,3.25114
vanilla,1447,758644736,3.301663
vanilla,1448,759169024,3.167691
vanilla,1449,759693312,3.263137
vanilla,1450,760217600,3.320935
vanilla,1451,760741888,3.167691
vanilla,1452,761266176,3.236553
vanilla,1453,761790464,3.207427
vanilla,1454,762314752,3.204628
vanilla,1455,762839040,3.316661
vanilla,1456,763363328,3.189153
vanilla,1457,763887616,3.222178
vanilla,1458,764411904,3.221936
vanilla,1459,764936192,3.250545
vanilla,1460,765460480,3.247882
vanilla,1461,765984768,3.266368
vanilla,1462,766509056,3.285677
vanilla,1463,767033344,3.224848
vanilla,1464,767557632,3.288425
vanilla,1465,768081920,3.208862
vanilla,1466,768606208,3.201777
vanilla,1467,769130496,3.337476
vanilla,1468,769654784,3.264977
vanilla,1469,770179072,3.251155
vanilla,1470,770703360,3.269858
vanilla,1471,771227648,3.226229
vanilla,1472,771751936,3.165485
vanilla,1473,772276224,3.264076
vanilla,1474,772800512,3.239798
vanilla,1475,773324800,3.26854
vanilla,1476,773849088,3.182901
vanilla,1477,774373376,3.249577
vanilla,1478,774897664,3.304418
vanilla,1479,775421952,3.236497
vanilla,1480,775946240,3.201967
vanilla,1481,776470528,3.251566
vanilla,1482,776994816,3.239956
vanilla,1483,777519104,3.249464
vanilla,1484,778043392,3.251254
vanilla,1485,778567680,3.217034
vanilla,1486,779091968,3.173827
vanilla,1487,779616256,3.267848
vanilla,1488,780140544,3.288474
vanilla,1489,780664832,3.217579
vanilla,1490,781189120,3.216573
vanilla,1491,781713408,3.242208
vanilla,1492,782237696,3.163623
vanilla,1493,782761984,3.270209
vanilla,1494,783286272,3.206183
vanilla,1495,783810560,3.12554
vanilla,1496,784334848,3.184635
vanilla,1497,784859136,3.201566
vanilla,1498,785383424,3.206007
vanilla,1499,785907712,3.171597
vanilla,1500,786432000,3.150257
vanilla,1501,786956288,3.314017
vanilla,1502,787480576,3.216592
vanilla,1503,788004864,3.244787
vanilla,1504,788529152,3.196873
vanilla,1505,789053440,3.162616
vanilla,1506,789577728,3.29622
vanilla,1507,790102016,3.235318
vanilla,1508,790626304,3.140668
vanilla,1509,791150592,3.263757
vanilla,1510,791674880,3.294198
vanilla,1511,792199168,3.320446
vanilla,1512,792723456,3.130157
vanilla,1513,793247744,3.293923
vanilla,1514,793772032,3.239447
vanilla,1515,794296320,3.228888
vanilla,1516,794820608,3.264735
vanilla,1517,795344896,3.164772
vanilla,1518,795869184,3.167818
vanilla,1519,796393472,3.233201
vanilla,1520,796917760,3.294652
vanilla,1521,797442048,3.202726
vanilla,1522,797966336,3.303411
vanilla,1523,798490624,3.358005
vanilla,1524,799014912,3.202943
vanilla,1525,799539200,3.233271
vanilla,1526,800063488,3.210239
vanilla,1527,800587776,3.302503
vanilla,1528,801112064,3.123635
vanilla,1529,801636352,3.245374
vanilla,1530,802160640,3.242591
vanilla,1531,802684928,3.248393
vanilla,1532,803209216,3.224157
vanilla,1533,803733504,3.240215
vanilla,1534,804257792,3.209406
vanilla,1535,804782080,3.247532
vanilla,1536,805306368,3.188696
vanilla,1537,805830656,3.259317
vanilla,1538,806354944,3.218516
vanilla,1539,806879232,3.136972
vanilla,1540,807403520,3.188477
vanilla,1541,807927808,3.217391
vanilla,1542,808452096,3.123885
vanilla,1543,808976384,3.269993
vanilla,1544,809500672,3.281666
vanilla,1545,810024960,3.227164
vanilla,1546,810549248,3.134375
vanilla,1547,811073536,3.13773
vanilla,1548,811597824,3.232605
vanilla,1549,812122112,3.254981
vanilla,1550,812646400,3.298338
vanilla,1551,813170688,3.27426
vanilla,1552,813694976,3.221232
vanilla,1553,814219264,3.247195
vanilla,1554,814743552,3.208866
vanilla,1555,815267840,3.2417
vanilla,1556,815792128,3.161767
vanilla,1557,816316416,3.214903
vanilla,1558,816840704,3.218148
vanilla,1559,817364992,3.313874
vanilla,1560,817889280,3.238491
vanilla,1561,818413568,3.210161
vanilla,1562,818937856,3.120273
vanilla,1563,819462144,3.167356
vanilla,1564,819986432,3.142854
vanilla,1565,820510720,3.27411
vanilla,1566,821035008,3.201807
vanilla,1567,821559296,3.168171
vanilla,1568,822083584,3.192278
vanilla,1569,822607872,3.18012
vanilla,1570,823132160,3.234034
vanilla,1571,823656448,3.27093
vanilla,1572,824180736,3.262844
vanilla,1573,824705024,3.200924
vanilla,1574,825229312,3.190904
vanilla,1575,825753600,3.203967
vanilla,1576,826277888,3.22335
vanilla,1577,826802176,3.149532
vanilla,1578,827326464,3.271842
vanilla,1579,827850752,3.131979
vanilla,1580,828375040,3.213334
vanilla,1581,828899328,3.224861
vanilla,1582,829423616,3.271806
vanilla,1583,829947904,3.16623
vanilla,1584,830472192,3.182497
vanilla,1585,830996480,3.134531
vanilla,1586,831520768,3.219472
vanilla,1587,832045056,3.148754
vanilla,1588,832569344,3.244244
vanilla,1589,833093632,3.149861
vanilla,1590,833617920,3.168542
vanilla,1591,834142208,3.238387
vanilla,1592,834666496,3.174012
vanilla,1593,835190784,3.287317
vanilla,1594,835715072,3.195435
vanilla,1595,836239360,3.25574
vanilla,1596,836763648,3.105961
vanilla,1597,837287936,3.213927
vanilla,1598,837812224,3.213292
vanilla,1599,838336512,3.155333
vanilla,1600,838860800,3.203392
vanilla,1601,839385088,3.186045
vanilla,1602,839909376,3.254971
vanilla,1603,840433664,3.171358
vanilla,1604,840957952,3.213834
vanilla,1605,841482240,3.17129
vanilla,1606,842006528,3.151386
vanilla,1607,842530816,3.243784
vanilla,1608,843055104,3.212885
vanilla,1609,843579392,3.182475
vanilla,1610,844103680,3.259459
vanilla,1611,844627968,3.183123
vanilla,1612,845152256,3.234522
vanilla,1613,845676544,3.182066
vanilla,1614,846200832,3.236892
vanilla,1615,846725120,3.188184
vanilla,1616,847249408,3.340211
vanilla,1617,847773696,3.153649
vanilla,1618,848297984,3.17326
vanilla,1619,848822272,3.151684
vanilla,1620,849346560,3.219215
vanilla,1621,849870848,3.157801
vanilla,1622,850395136,3.212475
vanilla,1623,850919424,3.105147
vanilla,1624,851443712,3.177739
vanilla,1625,851968000,3.137776
vanilla,1626,852492288,3.123835
vanilla,1627,853016576,3.201703
vanilla,1628,853540864,3.242724
vanilla,1629,854065152,3.280786
vanilla,1630,854589440,3.334966
vanilla,1631,855113728,3.207563
vanilla,1632,855638016,3.272275
vanilla,1633,856162304,3.169609
vanilla,1634,856686592,3.191102
vanilla,1635,857210880,3.163382
vanilla,1636,857735168,3.131969
vanilla,1637,858259456,3.264176
vanilla,1638,858783744,3.212854
vanilla,1639,859308032,3.148969
vanilla,1640,859832320,3.165702
vanilla,1641,860356608,3.05796
vanilla,1642,860880896,3.154275
vanilla,1643,861405184,3.24078
vanilla,1644,861929472,3.11185
vanilla,1645,862453760,3.220168
vanilla,1646,862978048,3.186106
vanilla,1647,863502336,3.283302
vanilla,1648,864026624,3.187979
vanilla,1649,864550912,3.173388
vanilla,1650,865075200,3.155095
vanilla,1651,865599488,3.237499
vanilla,1652,866123776,3.146937
vanilla,1653,866648064,3.254733
vanilla,1654,867172352,3.12716
vanilla,1655,867696640,3.13817
vanilla,1656,868220928,3.136736
vanilla,1657,868745216,3.179568
vanilla,1658,869269504,3.183658
vanilla,1659,869793792,3.182824
vanilla,1660,870318080,3.241454
vanilla,1661,870842368,3.229154
vanilla,1662,871366656,3.172107
vanilla,1663,871890944,3.230029
vanilla,1664,872415232,3.18251
vanilla,1665,872939520,3.214334
vanilla,1666,873463808,3.175529
vanilla,1667,873988096,3.188454
vanilla,1668,874512384,3.196105
vanilla,1669,875036672,3.199841
vanilla,1670,875560960,3.194461
vanilla,1671,876085248,3.271403
vanilla,1672,876609536,3.185891
vanilla,1673,877133824,3.1892
vanilla,1674,877658112,3.171651
vanilla,1675,878182400,3.291708
vanilla,1676,878706688,3.097348
vanilla,1677,879230976,3.17085
vanilla,1678,879755264,3.190453
vanilla,1679,880279552,3.218535
vanilla,1680,880803840,3.235978
vanilla,1681,881328128,3.227728
vanilla,1682,881852416,3.190803
vanilla,1683,882376704,3.180053
vanilla,1684,882900992,3.231069
vanilla,1685,883425280,3.259835
vanilla,1686,883949568,3.247482
vanilla,1687,884473856,3.245688
vanilla,1688,884998144,3.163813
vanilla,1689,885522432,3.111166
vanilla,1690,886046720,3.18364
vanilla,1691,886571008,3.15787
vanilla,1692,887095296,3.169054
vanilla,1693,887619584,3.196348
vanilla,1694,888143872,3.216721
vanilla,1695,888668160,3.093215
vanilla,1696,889192448,3.210274
vanilla,1697,889716736,3.219078
vanilla,1698,890241024,3.204527
vanilla,1699,890765312,3.230836
vanilla,1700,891289600,3.243013
vanilla,1701,891813888,3.231671
vanilla,1702,892338176,3.166836
vanilla,1703,892862464,3.242845
vanilla,1704,893386752,3.199703
vanilla,1705,893911040,3.225299
vanilla,1706,894435328,3.206826
vanilla,1707,894959616,3.080743
vanilla,1708,895483904,3.227697
vanilla,1709,896008192,3.09037
vanilla,1710,896532480,3.077733
vanilla,1711,897056768,3.145148
vanilla,1712,897581056,3.194382
vanilla,1713,898105344,3.244018
vanilla,1714,898629632,3.178455
vanilla,1715,899153920,3.136862
vanilla,1716,899678208,3.150038
vanilla,1717,900202496,3.177167
vanilla,1718,900726784,3.231865
vanilla,1719,901251072,3.230521
vanilla,1720,901775360,3.255055
vanilla,1721,902299648,3.237023
vanilla,1722,902823936,3.203625
vanilla,1723,903348224,3.220154
vanilla,1724,903872512,3.098546
vanilla,1725,904396800,3.137137
vanilla,1726,904921088,3.209588
vanilla,1727,905445376,3.148414
vanilla,1728,905969664,3.229066
vanilla,1729,906493952,3.154922
vanilla,1730,907018240,3.130744
vanilla,1731,907542528,3.296594
vanilla,1732,908066816,3.185562
vanilla,1733,908591104,3.107539
vanilla,1734,909115392,3.211568
vanilla,1735,909639680,3.277394
vanilla,1736,910163968,3.151455
vanilla,1737,910688256,3.176053
vanilla,1738,911212544,3.094002
vanilla,1739,911736832,3.124052
vanilla,1740,912261120,3.183481
vanilla,1741,912785408,3.187845
vanilla,1742,913309696,3.09142
vanilla,1743,913833984,3.195099
vanilla,1744,914358272,3.264377
vanilla,1745,914882560,3.22047
vanilla,1746,915406848,3.232264
vanilla,1747,915931136,3.173573
vanilla,1748,916455424,3.152302
vanilla,1749,916979712,3.227524
vanilla,1750,917504000,3.206824
vanilla,1751,918028288,3.190874
vanilla,1752,918552576,3.08822
vanilla,1753,919076864,3.25161
vanilla,1754,919601152,3.133463
vanilla,1755,920125440,3.205564
vanilla,1756,920649728,3.020967
vanilla,1757,921174016,3.049614
vanilla,1758,921698304,3.187382
vanilla,1759,922222592,3.202314
vanilla,1760,922746880,3.20074
vanilla,1761,923271168,3.113756
vanilla,1762,923795456,3.137802
vanilla,1763,924319744,3.132068
vanilla,1764,924844032,3.17494
vanilla,1765,925368320,3.164313
vanilla,1766,925892608,3.209447
vanilla,1767,926416896,3.165065
vanilla,1768,926941184,3.140058
vanilla,1769,927465472,3.163023
vanilla,1770,927989760,3.114625
vanilla,1771,928514048,3.157629
vanilla,1772,929038336,3.079214
vanilla,1773,929562624,3.182462
vanilla,1774,930086912,3.217695
vanilla,1775,930611200,3.263821
vanilla,1776,931135488,3.27347
vanilla,1777,931659776,3.215052
vanilla,1778,932184064,3.14676
vanilla,1779,932708352,3.201049
vanilla,1780,933232640,3.231103
vanilla,1781,933756928,3.133962
vanilla,1782,934281216,3.158068
vanilla,1783,934805504,3.194337
vanilla,1784,935329792,3.206771
vanilla,1785,935854080,3.187147
vanilla,1786,936378368,3.221261
vanilla,1787,936902656,3.276524
vanilla,1788,937426944,3.152683
vanilla,1789,937951232,3.198062
vanilla,1790,938475520,3.219023
vanilla,1791,938999808,3.282476
vanilla,1792,939524096,3.200777
vanilla,1793,940048384,3.157327
vanilla,1794,940572672,3.209883
vanilla,1795,941096960,3.125159
vanilla,1796,941621248,3.221285
vanilla,1797,942145536,3.094808
vanilla,1798,942669824,3.156219
vanilla,1799,943194112,3.200033
vanilla,1800,943718400,3.186985
vanilla,1801,944242688,3.12977
vanilla,1802,944766976,3.193034
vanilla,1803,945291264,3.162964
vanilla,1804,945815552,3.244197
vanilla,1805,946339840,3.156289
vanilla,1806,946864128,3.149243
vanilla,1807,947388416,3.226327
vanilla,1808,947912704,3.158233
vanilla,1809,948436992,3.200207
vanilla,1810,948961280,3.198628
vanilla,1811,949485568,3.203303
vanilla,1812,950009856,3.127696
vanilla,1813,950534144,3.185917
vanilla,1814,951058432,3.13046
vanilla,1815,951582720,3.264751
vanilla,1816,952107008,3.18029
vanilla,1817,952631296,3.186355
vanilla,1818,953155584,3.181118
vanilla,1819,953679872,3.212213
vanilla,1820,954204160,3.139075
vanilla,1821,954728448,3.097437
vanilla,1822,955252736,3.133121
vanilla,1823,955777024,3.19764
vanilla,1824,956301312,3.258941
vanilla,1825,956825600,3.148857
vanilla,1826,957349888,3.151375
vanilla,1827,957874176,3.171809
vanilla,1828,958398464,3.206292
vanilla,1829,958922752,3.053499
vanilla,1830,959447040,3.210551
vanilla,1831,959971328,3.267925
vanilla,1832,960495616,3.170115
vanilla,1833,961019904,3.168953
vanilla,1834,961544192,3.114726
vanilla,1835,962068480,3.117779
vanilla,1836,962592768,3.205459
vanilla,1837,963117056,3.210033
vanilla,1838,963641344,3.226561
vanilla,1839,964165632,3.137758
vanilla,1840,964689920,3.069078
vanilla,1841,965214208,3.19387
vanilla,1842,965738496,3.062123
vanilla,1843,966262784,3.139143
vanilla,1844,966787072,3.087003
vanilla,1845,967311360,3.149615
vanilla,1846,967835648,3.176545
vanilla,1847,968359936,3.231165
vanilla,1848,968884224,3.193371
vanilla,1849,969408512,3.128224
vanilla,1850,969932800,3.140168
vanilla,1851,970457088,3.221117
vanilla,1852,970981376,3.148077
vanilla,1853,971505664,3.084772
vanilla,1854,972029952,3.163613
vanilla,1855,972554240,3.115121
vanilla,1856,973078528,3.197349
vanilla,1857,973602816,3.148114
vanilla,1858,974127104,3.105628
vanilla,1859,974651392,3.172243
vanilla,1860,975175680,3.208116
vanilla,1861,975699968,3.184434
vanilla,1862,976224256,3.14294
vanilla,1863,976748544,3.192179
vanilla,1864,977272832,3.202724
vanilla,1865,977797120,3.122791
vanilla,1866,978321408,3.129994
vanilla,1867,978845696,3.190078
vanilla,1868,979369984,3.192537
vanilla,1869,979894272,3.265904
vanilla,1870,980418560,3.136867
vanilla,1871,980942848,3.149703
vanilla,1872,981467136,3.157606
vanilla,1873,981991424,3.149661
vanilla,1874,982515712,3.010932
vanilla,1875,983040000,3.157954
vanilla,1876,983564288,3.13068
vanilla,1877,984088576,3.198346
vanilla,1878,984612864,3.095772
vanilla,1879,985137152,3.164901
vanilla,1880,985661440,3.165202
vanilla,1881,986185728,3.083638
vanilla,1882,986710016,3.100787
vanilla,1883,987234304,3.233197
vanilla,1884,987758592,3.072262
vanilla,1885,988282880,3.088256
vanilla,1886,988807168,3.220314
vanilla,1887,989331456,3.1679
vanilla,1888,989855744,3.161845
vanilla,1889,990380032,3.226616
vanilla,1890,990904320,3.141915
vanilla,1891,991428608,3.217015
vanilla,1892,991952896,3.069371
vanilla,1893,992477184,3.14476
vanilla,1894,993001472,3.140116
vanilla,1895,993525760,3.073843
vanilla,1896,994050048,3.181689
vanilla,1897,994574336,3.149246
vanilla,1898,995098624,3.064289
vanilla,1899,995622912,3.089127
vanilla,1900,996147200,3.163994
vanilla,1901,996671488,3.134661
vanilla,1902,997195776,3.186052
vanilla,1903,997720064,3.079993
vanilla,1904,998244352,3.165519
vanilla,1905,998768640,3.214396
vanilla,1906,999292928,3.171928
vanilla,1907,999817216,3.186957
vanilla,1908,1000341504,3.155478
vanilla,1909,1000865792,3.096857
vanilla,1910,1001390080,3.133461
vanilla,1911,1001914368,3.07722
vanilla,1912,1002438656,3.145163
vanilla,1913,1002962944,3.164675
vanilla,1914,1003487232,3.131192
vanilla,1915,1004011520,3.122852
vanilla,1916,1004535808,3.216939
vanilla,1917,1005060096,3.148834
vanilla,1918,1005584384,3.082167
vanilla,1919,1006108672,3.12942
vanilla,1920,1006632960,3.144024
vanilla,1921,1007157248,3.161758
vanilla,1922,1007681536,3.075366
vanilla,1923,1008205824,3.216407
vanilla,1924,1008730112,3.19336
vanilla,1925,1009254400,3.191177
vanilla,1926,1009778688,3.12641
vanilla,1927,1010302976,3.133123
vanilla,1928,1010827264,3.177419
vanilla,1929,1011351552,3.119592
vanilla,1930,1011875840,3.194552
vanilla,1931,1012400128,3.225815
vanilla,1932,1012924416,3.175156
vanilla,1933,1013448704,3.219305
vanilla,1934,1013972992,3.14825
vanilla,1935,1014497280,3.142411
vanilla,1936,1015021568,3.124004
vanilla,1937,1015545856,3.191702
vanilla,1938,1016070144,3.235587
vanilla,1939,1016594432,3.157327
vanilla,1940,1017118720,3.081556
vanilla,1941,1017643008,3.125032
vanilla,1942,1018167296,3.151565
vanilla,1943,1018691584,3.142693
vanilla,1944,1019215872,3.207966
vanilla,1945,1019740160,3.113814
vanilla,1946,1020264448,3.067747
vanilla,1947,1020788736,3.224127
vanilla,1948,1021313024,3.149407
vanilla,1949,1021837312,3.162179
vanilla,1950,1022361600,3.115161
vanilla,1951,1022885888,3.079767
vanilla,1952,1023410176,3.231379
vanilla,1953,1023934464,3.195239
vanilla,1954,1024458752,3.228704
vanilla,1955,1024983040,3.068537
vanilla,1956,1025507328,3.169118
vanilla,1957,1026031616,3.166714
vanilla,1958,1026555904,3.192417
vanilla,1959,1027080192,3.080986
vanilla,1960,1027604480,3.109054
vanilla,1961,1028128768,3.197262
vanilla,1962,1028653056,3.081346
vanilla,1963,1029177344,3.162721
vanilla,1964,1029701632,3.14019
vanilla,1965,1030225920,3.066525
vanilla,1966,1030750208,3.233679
vanilla,1967,1031274496,3.096173
vanilla,1968,1031798784,3.165752
vanilla,1969,1032323072,3.125153
vanilla,1970,1032847360,3.175
vanilla,1971,1033371648,3.116903
vanilla,1972,1033895936,3.104393
vanilla,1973,1034420224,3.190536
vanilla,1974,1034944512,3.152497
vanilla,1975,1035468800,3.159981
vanilla,1976,1035993088,3.08079
vanilla,1977,1036517376,3.029419
vanilla,1978,1037041664,3.111173
vanilla,1979,1037565952,3.088179
vanilla,1980,1038090240,3.076629
vanilla,1981,1038614528,3.145433
vanilla,1982,1039138816,3.197971
vanilla,1983,1039663104,3.193811
vanilla,1984,1040187392,3.113009
vanilla,1985,1040711680,3.131236
vanilla,1986,1041235968,3.125775
vanilla,1987,1041760256,3.111533
vanilla,1988,1042284544,3.032097
vanilla,1989,1042808832,3.08778
vanilla,1990,1043333120,3.129239
vanilla,1991,1043857408,3.238911
vanilla,1992,1044381696,3.21626
vanilla,1993,1044905984,3.158778
vanilla,1994,1045430272,3.120942
vanilla,1995,1045954560,3.115834
vanilla,1996,1046478848,3.187312
vanilla,1997,1047003136,3.103395
vanilla,1998,1047527424,3.11895
vanilla,1999,1048051712,3.195641
vanilla,2000,1048576000,3.196212
vanilla,2001,1049100288,3.217081
vanilla,2002,1049624576,3.042642
vanilla,2003,1050148864,3.159118
vanilla,2004,1050673152,3.171025
vanilla,2005,1051197440,3.161047
vanilla,2006,1051721728,3.279241
vanilla,2007,1052246016,3.128485
vanilla,2008,1052770304,3.148617
vanilla,2009,1053294592,3.16754
vanilla,2010,1053818880,3.179691
vanilla,2011,1054343168,3.205201
vanilla,2012,1054867456,3.098611
vanilla,2013,1055391744,3.08865
vanilla,2014,1055916032,3.213006
vanilla,2015,1056440320,3.117524
vanilla,2016,1056964608,3.044092
vanilla,2017,1057488896,3.086492
vanilla,2018,1058013184,3.175664
vanilla,2019,1058537472,3.107566
vanilla,2020,1059061760,3.140264
vanilla,2021,1059586048,3.085477
vanilla,2022,1060110336,3.083671
vanilla,2023,1060634624,3.122307
vanilla,2024,1061158912,3.106942
vanilla,2025,1061683200,3.089401
vanilla,2026,1062207488,3.106255
vanilla,2027,1062731776,3.152133
vanilla,2028,1063256064,3.188071
vanilla,2029,1063780352,3.20351
vanilla,2030,1064304640,3.11168
vanilla,2031,1064828928,3.097929
vanilla,2032,1065353216,3.164892
vanilla,2033,1065877504,3.142379
vanilla,2034,1066401792,3.123868
vanilla,2035,1066926080,3.203377
vanilla,2036,1067450368,3.195475
vanilla,2037,1067974656,3.167642
vanilla,2038,1068498944,3.143331
vanilla,2039,1069023232,3.157275
vanilla,2040,1069547520,3.082854
vanilla,2041,1070071808,3.1562
vanilla,2042,1070596096,3.146084
vanilla,2043,1071120384,3.144922
vanilla,2044,1071644672,3.11423
vanilla,2045,1072168960,3.172799
vanilla,2046,1072693248,3.155251
vanilla,2047,1073217536,3.132982
vanilla,2048,1073741824,3.138054
vanilla,2049,1074266112,3.082409
vanilla,2050,1074790400,3.100049
vanilla,2051,1075314688,3.124186
vanilla,2052,1075838976,3.169035
vanilla,2053,1076363264,3.110669
vanilla,2054,1076887552,3.14585
vanilla,2055,1077411840,3.148147
vanilla,2056,1077936128,3.237709
vanilla,2057,1078460416,3.161163
vanilla,2058,1078984704,3.168096
vanilla,2059,1079508992,3.094208
vanilla,2060,1080033280,3.130817
vanilla,2061,1080557568,3.17192
vanilla,2062,1081081856,3.185772
vanilla,2063,1081606144,3.077877
vanilla,2064,1082130432,3.105504
vanilla,2065,1082654720,3.221286
vanilla,2066,1083179008,3.076183
vanilla,2067,1083703296,3.146212
vanilla,2068,1084227584,3.117646
vanilla,2069,1084751872,3.028212
vanilla,2070,1085276160,3.184833
vanilla,2071,1085800448,3.149121
vanilla,2072,1086324736,3.203445
vanilla,2073,1086849024,3.118329
vanilla,2074,1087373312,3.18804
vanilla,2075,1087897600,3.148004
vanilla,2076,1088421888,3.080999
vanilla,2077,1088946176,3.224837
vanilla,2078,1089470464,3.081738
vanilla,2079,1089994752,3.153554
vanilla,2080,1090519040,3.106394
vanilla,2081,1091043328,3.190678
vanilla,2082,1091567616,3.155043
vanilla,2083,1092091904,3.135264
vanilla,2084,1092616192,3.070232
vanilla,2085,1093140480,3.076367
vanilla,2086,1093664768,3.097735
vanilla,2087,1094189056,3.135293
vanilla,2088,1094713344,3.172505
vanilla,2089,1095237632,3.088244
vanilla,2090,1095761920,3.07884
vanilla,2091,1096286208,3.080512
vanilla,2092,1096810496,3.045455
vanilla,2093,1097334784,3.101827
vanilla,2094,1097859072,3.064527
vanilla,2095,1098383360,3.054119
vanilla,2096,1098907648,3.094058
vanilla,2097,1099431936,3.081588
vanilla,2098,1099956224,3.047638
vanilla,2099,1100480512,3.115633
vanilla,2100,1101004800,3.230221
vanilla,2101,1101529088,3.181111
vanilla,2102,1102053376,3.128479
vanilla,2103,1102577664,3.136231
vanilla,2104,1103101952,3.091206
vanilla,2105,1103626240,3.114669
vanilla,2106,1104150528,3.029848
vanilla,2107,1104674816,3.075248
vanilla,2108,1105199104,3.033446
vanilla,2109,1105723392,3.012408
vanilla,2110,1106247680,3.247386
vanilla,2111,1106771968,3.096528
vanilla,2112,1107296256,3.112282
vanilla,2113,1107820544,3.170468
vanilla,2114,1108344832,3.117503
vanilla,2115,1108869120,3.178615
vanilla,2116,1109393408,3.07607
vanilla,2117,1109917696,3.062531
vanilla,2118,1110441984,3.100185
vanilla,2119,1110966272,3.081122
vanilla,2120,1111490560,3.132015
vanilla,2121,1112014848,3.160245
vanilla,2122,1112539136,3.151845
vanilla,2123,1113063424,3.086797
vanilla,2124,1113587712,3.214588
vanilla,2125,1114112000,3.143048
vanilla,2126,1114636288,3.186601
vanilla,2127,1115160576,3.102427
vanilla,2128,1115684864,3.123586
vanilla,2129,1116209152,3.046174
vanilla,2130,1116733440,3.086211
vanilla,2131,1117257728,3.120579
vanilla,2132,1117782016,3.067104
vanilla,2133,1118306304,3.150192
vanilla,2134,1118830592,3.056831
vanilla,2135,1119354880,3.238793
vanilla,2136,1119879168,3.174849
vanilla,2137,1120403456,3.003615
vanilla,2138,1120927744,3.136839
vanilla,2139,1121452032,3.057609
vanilla,2140,1121976320,3.140539
vanilla,2141,1122500608,3.079216
vanilla,2142,1123024896,3.124617
vanilla,2143,1123549184,3.150665
vanilla,2144,1124073472,3.126722
vanilla,2145,1124597760,3.078176
vanilla,2146,1125122048,3.131073
vanilla,2147,1125646336,3.173473
vanilla,2148,1126170624,3.1275
vanilla,2149,1126694912,3.209566
vanilla,2150,1127219200,3.11312
vanilla,2151,1127743488,3.094863
vanilla,2152,1128267776,3.079121
vanilla,2153,1128792064,3.045485
vanilla,2154,1129316352,3.185445
vanilla,2155,1129840640,3.220367
vanilla,2156,1130364928,3.154488
vanilla,2157,1130889216,3.132789
vanilla,2158,1131413504,3.171988
vanilla,2159,1131937792,3.153981
vanilla,2160,1132462080,3.061889
vanilla,2161,1132986368,3.106387
vanilla,2162,1133510656,3.11075
vanilla,2163,1134034944,3.083264
vanilla,2164,1134559232,3.210008
vanilla,2165,1135083520,3.063505
vanilla,2166,1135607808,3.140367
vanilla,2167,1136132096,3.107409
vanilla,2168,1136656384,3.176738
vanilla,2169,1137180672,3.05865
vanilla,2170,1137704960,2.976444
vanilla,2171,1138229248,3.172426
vanilla,2172,1138753536,3.078866
vanilla,2173,1139277824,3.137276
vanilla,2174,1139802112,3.195185
vanilla,2175,1140326400,3.048199
vanilla,2176,1140850688,3.065365
vanilla,2177,1141374976,3.070879
vanilla,2178,1141899264,3.143886
vanilla,2179,1142423552,3.16393
vanilla,2180,1142947840,3.125681
vanilla,2181,1143472128,3.107873
vanilla,2182,1143996416,3.088835
vanilla,2183,1144520704,3.095111
vanilla,2184,1145044992,3.236472
vanilla,2185,1145569280,3.156496
vanilla,2186,1146093568,3.147085
vanilla,2187,1146617856,3.086201
vanilla,2188,1147142144,3.125791
vanilla,2189,1147666432,3.142093
vanilla,2190,1148190720,3.115625
vanilla,2191,1148715008,3.056059
vanilla,2192,1149239296,3.08585
vanilla,2193,1149763584,3.040295
vanilla,2194,1150287872,3.142039
vanilla,2195,1150812160,3.135091
vanilla,2196,1151336448,3.114016
vanilla,2197,1151860736,3.092749
vanilla,2198,1152385024,3.076674
vanilla,2199,1152909312,3.134402
vanilla,2200,1153433600,3.033118
vanilla,2201,1153957888,3.118068
vanilla,2202,1154482176,3.14465
vanilla,2203,1155006464,3.084759
vanilla,2204,1155530752,2.958109
vanilla,2205,1156055040,3.12009
vanilla,2206,1156579328,3.16405
vanilla,2207,1157103616,3.123499
vanilla,2208,1157627904,3.162149
vanilla,2209,1158152192,3.21578
vanilla,2210,1158676480,3.110131
vanilla,2211,1159200768,3.138138
vanilla,2212,1159725056,3.128128
vanilla,2213,1160249344,3.141199
vanilla,2214,1160773632,3.021975
vanilla,2215,1161297920,3.143932
vanilla,2216,1161822208,3.102266
vanilla,2217,1162346496,3.078608
vanilla,2218,1162870784,3.088021
vanilla,2219,1163395072,3.097819
vanilla,2220,1163919360,3.123225
vanilla,2221,1164443648,3.059722
vanilla,2222,1164967936,3.061191
vanilla,2223,1165492224,3.055217
vanilla,2224,1166016512,3.11981
vanilla,2225,1166540800,3.13605
vanilla,2226,1167065088,3.075714
vanilla,2227,1167589376,3.172107
vanilla,2228,1168113664,3.083694
vanilla,2229,1168637952,3.142569
vanilla,2230,1169162240,3.073639
vanilla,2231,1169686528,3.020852
vanilla,2232,1170210816,3.081771
vanilla,2233,1170735104,3.154148
vanilla,2234,1171259392,3.189072
vanilla,2235,1171783680,3.031148
vanilla,2236,1172307968,3.175995
vanilla,2237,1172832256,3.080506
vanilla,2238,1173356544,3.098517
vanilla,2239,1173880832,3.032449
vanilla,2240,1174405120,3.155456
vanilla,2241,1174929408,3.107023
vanilla,2242,1175453696,3.024488
vanilla,2243,1175977984,3.045616
vanilla,2244,1176502272,3.082004
vanilla,2245,1177026560,3.142377
vanilla,2246,1177550848,3.139789
vanilla,2247,1178075136,3.10549
vanilla,2248,1178599424,3.177506
vanilla,2249,1179123712,3.020118
vanilla,2250,1179648000,3.146399
vanilla,2251,1180172288,3.082734
vanilla,2252,1180696576,3.223063
vanilla,2253,1181220864,3.126297
vanilla,2254,1181745152,3.123568
vanilla,2255,1182269440,3.075397
vanilla,2256,1182793728,3.125905
vanilla,2257,1183318016,3.026418
vanilla,2258,1183842304,3.104492
vanilla,2259,1184366592,3.121531
vanilla,2260,1184890880,3.085192
vanilla,2261,1185415168,3.144736
vanilla,2262,1185939456,3.170786
vanilla,2263,1186463744,3.067106
vanilla,2264,1186988032,3.04349
vanilla,2265,1187512320,3.176337
vanilla,2266,1188036608,3.040938
vanilla,2267,1188560896,3.212848
vanilla,2268,1189085184,3.120882
vanilla,2269,1189609472,3.038261
vanilla,2270,1190133760,3.117288
vanilla,2271,1190658048,3.014789
vanilla,2272,1191182336,3.053211
vanilla,2273,1191706624,3.104563
vanilla,2274,1192230912,3.048989
vanilla,2275,1192755200,3.087148
vanilla,2276,1193279488,3.095686
vanilla,2277,1193803776,3.062943
vanilla,2278,1194328064,3.082614
vanilla,2279,1194852352,3.128552
vanilla,2280,1195376640,3.130457
vanilla,2281,1195900928,2.998653
vanilla,2282,1196425216,3.110931
vanilla,2283,1196949504,3.003746
vanilla,2284,1197473792,3.103493
vanilla,2285,1197998080,3.122679
vanilla,2286,1198522368,3.131419
vanilla,2287,1199046656,3.134275
vanilla,2288,1199570944,3.103992
vanilla,2289,1200095232,3.134538
vanilla,2290,1200619520,3.11184
vanilla,2291,1201143808,3.078554
vanilla,2292,1201668096,3.141353
vanilla,2293,1202192384,3.076549
vanilla,2294,1202716672,3.064742
vanilla,2295,1203240960,3.051149
vanilla,2296,1203765248,3.106538
vanilla,2297,1204289536,3.089646
vanilla,2298,1204813824,2.999173
vanilla,2299,1205338112,3.079672
vanilla,2300,1205862400,3.105078
vanilla,2301,1206386688,3.089166
vanilla,2302,1206910976,3.102094
vanilla,2303,1207435264,3.101165
vanilla,2304,1207959552,3.120107
vanilla,2305,1208483840,3.060859
vanilla,2306,1209008128,3.076996
vanilla,2307,1209532416,3.034231
vanilla,2308,1210056704,3.050961
vanilla,2309,1210580992,3.078024
vanilla,2310,1211105280,3.042046
vanilla,2311,1211629568,3.157117
vanilla,2312,1212153856,3.164415
vanilla,2313,1212678144,3.13563
vanilla,2314,1213202432,3.156673
vanilla,2315,1213726720,3.109464
vanilla,2316,1214251008,3.145114
vanilla,2317,1214775296,3.059459
vanilla,2318,1215299584,3.14851
vanilla,2319,1215823872,3.109945
vanilla,2320,1216348160,3.060235
vanilla,2321,1216872448,3.069824
vanilla,2322,1217396736,3.095322
vanilla,2323,1217921024,3.059783
vanilla,2324,1218445312,3.058346
vanilla,2325,1218969600,3.136616
vanilla,2326,1219493888,3.047996
vanilla,2327,1220018176,3.068923
vanilla,2328,1220542464,3.102757
vanilla,2329,1221066752,3.168718
vanilla,2330,1221591040,3.069943
vanilla,2331,1222115328,3.121035
vanilla,2332,1222639616,3.026557
vanilla,2333,1223163904,3.068931
vanilla,2334,1223688192,3.073551
vanilla,2335,1224212480,3.036733
vanilla,2336,1224736768,3.135536
vanilla,2337,1225261056,3.078718
vanilla,2338,1225785344,3.081114
vanilla,2339,1226309632,3.062498
vanilla,2340,1226833920,3.067091
vanilla,2341,1227358208,3.107323
vanilla,2342,1227882496,3.11113
vanilla,2343,1228406784,3.122279
vanilla,2344,1228931072,3.151655
vanilla,2345,1229455360,3.101645
vanilla,2346,1229979648,3.04679
vanilla,2347,1230503936,3.113536
vanilla,2348,1231028224,3.141577
vanilla,2349,1231552512,3.153307
vanilla,2350,1232076800,3.08393
vanilla,2351,1232601088,3.065478
vanilla,2352,1233125376,2.952615
vanilla,2353,1233649664,3.130628
vanilla,2354,1234173952,3.067643
vanilla,2355,1234698240,3.145069
vanilla,2356,1235222528,3.128431
vanilla,2357,1235746816,3.120268
vanilla,2358,1236271104,3.11939
vanilla,2359,1236795392,3.089755
vanilla,2360,1237319680,3.083783
vanilla,2361,1237843968,3.132043
vanilla,2362,1238368256,3.138125
vanilla,2363,1238892544,3.120385
vanilla,2364,1239416832,3.080973
vanilla,2365,1239941120,3.129071
vanilla,2366,1240465408,3.088986
vanilla,2367,1240989696,3.126768
vanilla,2368,1241513984,3.143209
vanilla,2369,1242038272,2.982563
vanilla,2370,1242562560,3.111524
vanilla,2371,1243086848,2.996933
vanilla,2372,1243611136,2.954872
vanilla,2373,1244135424,3.158671
vanilla,2374,1244659712,3.110482
vanilla,2375,1245184000,3.049626
vanilla,2376,1245708288,3.136907
vanilla,2377,1246232576,3.123291
vanilla,2378,1246756864,3.076261
vanilla,2379,1247281152,3.038127
vanilla,2380,1247805440,3.103515
vanilla,2381,1248329728,3.09915
vanilla,2382,1248854016,3.072677
vanilla,2383,1249378304,2.963284
vanilla,2384,1249902592,3.110023
vanilla,2385,1250426880,3.111352
vanilla,2386,1250951168,3.088356
vanilla,2387,1251475456,3.164386
vanilla,2388,1251999744,3.138543
vanilla,2389,1252524032,3.080797
vanilla,2390,1253048320,2.980117
vanilla,2391,1253572608,3.110619
vanilla,2392,1254096896,2.994476
vanilla,2393,1254621184,3.038667
vanilla,2394,1255145472,3.063256
vanilla,2395,1255669760,3.032974
vanilla,2396,1256194048,3.014745
vanilla,2397,1256718336,3.119501
vanilla,2398,1257242624,3.032572
vanilla,2399,1257766912,3.044073
vanilla,2400,1258291200,3.117927
vanilla,2401,1258815488,3.02758
vanilla,2402,1259339776,3.108471
vanilla,2403,1259864064,3.223981
vanilla,2404,1260388352,3.157631
vanilla,2405,1260912640,3.136169
vanilla,2406,1261436928,3.030818
vanilla,2407,1261961216,3.16404
vanilla,2408,1262485504,3.09684
vanilla,2409,1263009792,3.021662
vanilla,2410,1263534080,3.133277
vanilla,2411,1264058368,3.08767
vanilla,2412,1264582656,3.068404
vanilla,2413,1265106944,3.089067
vanilla,2414,1265631232,3.070892
vanilla,2415,1266155520,3.100072
vanilla,2416,1266679808,2.978665
vanilla,2417,1267204096,3.147662
vanilla,2418,1267728384,3.108603
vanilla,2419,1268252672,2.977774
vanilla,2420,1268776960,3.114008
vanilla,2421,1269301248,3.022766
vanilla,2422,1269825536,3.13052
vanilla,2423,1270349824,3.090121
vanilla,2424,1270874112,3.164569
vanilla,2425,1271398400,3.134123
vanilla,2426,1271922688,3.03072
vanilla,2427,1272446976,3.137686
vanilla,2428,1272971264,3.080645
vanilla,2429,1273495552,3.104106
vanilla,2430,1274019840,3.104982
vanilla,2431,1274544128,3.060739
vanilla,2432,1275068416,3.059862
vanilla,2433,1275592704,3.075385
vanilla,2434,1276116992,3.121631
vanilla,2435,1276641280,3.123322
vanilla,2436,1277165568,3.049206
vanilla,2437,1277689856,3.053573
vanilla,2438,1278214144,3.180324
vanilla,2439,1278738432,3.061139
vanilla,2440,1279262720,3.108751
vanilla,2441,1279787008,3.090609
vanilla,2442,1280311296,3.000955
vanilla,2443,1280835584,3.175403
vanilla,2444,1281359872,3.097396
vanilla,2445,1281884160,3.108133
vanilla,2446,1282408448,3.094841
vanilla,2447,1282932736,3.140823
vanilla,2448,1283457024,3.038676
vanilla,2449,1283981312,3.144269
vanilla,2450,1284505600,3.103582
vanilla,2451,1285029888,3.1119
vanilla,2452,1285554176,3.042784
vanilla,2453,1286078464,3.111446
vanilla,2454,1286602752,3.029343
vanilla,2455,1287127040,3.137449
vanilla,2456,1287651328,3.110143
vanilla,2457,1288175616,3.128157
vanilla,2458,1288699904,3.088417
vanilla,2459,1289224192,3.102407
vanilla,2460,1289748480,3.084404
vanilla,2461,1290272768,3.03556
vanilla,2462,1290797056,3.05125
vanilla,2463,1291321344,3.167097
vanilla,2464,1291845632,3.120342
vanilla,2465,1292369920,3.091531
vanilla,2466,1292894208,3.0601
vanilla,2467,1293418496,2.991919
vanilla,2468,1293942784,2.963324
vanilla,2469,1294467072,3.022995
vanilla,2470,1294991360,3.0544
vanilla,2471,1295515648,3.085908
vanilla,2472,1296039936,3.164855
vanilla,2473,1296564224,3.109742
vanilla,2474,1297088512,3.049369
vanilla,2475,1297612800,3.175126
vanilla,2476,1298137088,3.067164
vanilla,2477,1298661376,3.071558
vanilla,2478,1299185664,3.031958
vanilla,2479,1299709952,3.130572
vanilla,2480,1300234240,3.029091
vanilla,2481,1300758528,3.175608
vanilla,2482,1301282816,2.9603
vanilla,2483,1301807104,3.198074
vanilla,2484,1302331392,3.156432
vanilla,2485,1302855680,3.024694
vanilla,2486,1303379968,3.067647
vanilla,2487,1303904256,3.101398
vanilla,2488,1304428544,3.073953
vanilla,2489,1304952832,3.012393
vanilla,2490,1305477120,3.061136
vanilla,2491,1306001408,3.117608
vanilla,2492,1306525696,3.02916
vanilla,2493,1307049984,3.026517
vanilla,2494,1307574272,3.023133
vanilla,2495,1308098560,3.008444
vanilla,2496,1308622848,3.042155
vanilla,2497,1309147136,3.118702
vanilla,2498,1309671424,3.045794
vanilla,2499,1310195712,2.978431
vanilla,2500,1310720000,3.09416
vanilla,2501,1311244288,3.116971
vanilla,2502,1311768576,3.055611
vanilla,2503,1312292864,3.002669
vanilla,2504,1312817152,3.066554
vanilla,2505,1313341440,3.082289
vanilla,2506,1313865728,3.059043
vanilla,2507,1314390016,3.104869
vanilla,2508,1314914304,3.118609
vanilla,2509,1315438592,3.079085
vanilla,2510,1315962880,3.018481
vanilla,2511,1316487168,3.018491
vanilla,2512,1317011456,3.037348
vanilla,2513,1317535744,3.174896
vanilla,2514,1318060032,2.985581
vanilla,2515,1318584320,3.051657
vanilla,2516,1319108608,3.043271
vanilla,2517,1319632896,3.064112
vanilla,2518,1320157184,3.045812
vanilla,2519,1320681472,3.066118
vanilla,2520,1321205760,3.041586
vanilla,2521,1321730048,3.070553
vanilla,2522,1322254336,3.155349
vanilla,2523,1322778624,3.024388
vanilla,2524,1323302912,3.18516
vanilla,2525,1323827200,3.034364
vanilla,2526,1324351488,2.993163
vanilla,2527,1324875776,3.126197
vanilla,2528,1325400064,3.03102
vanilla,2529,1325924352,3.136074
vanilla,2530,1326448640,3.122391
vanilla,2531,1326972928,3.083895
vanilla,2532,1327497216,3.078984
vanilla,2533,1328021504,3.151046
vanilla,2534,1328545792,3.048092
vanilla,2535,1329070080,3.150152
vanilla,2536,1329594368,3.052322
vanilla,2537,1330118656,3.047205
vanilla,2538,1330642944,3.106153
vanilla,2539,1331167232,3.084043
vanilla,2540,1331691520,3.119525
vanilla,2541,1332215808,3.102446
vanilla,2542,1332740096,3.03907
vanilla,2543,1333264384,3.136842
vanilla,2544,1333788672,2.991451
vanilla,2545,1334312960,2.978344
vanilla,2546,1334837248,3.128344
vanilla,2547,1335361536,3.098991
vanilla,2548,1335885824,3.104024
vanilla,2549,1336410112,3.070915
vanilla,2550,1336934400,3.132832
vanilla,2551,1337458688,3.043856
vanilla,2552,1337982976,3.044113
vanilla,2553,1338507264,3.068534
vanilla,2554,1339031552,3.045828
vanilla,2555,1339555840,3.094596
vanilla,2556,1340080128,3.073458
vanilla,2557,1340604416,3.148465
vanilla,2558,1341128704,3.084505
vanilla,2559,1341652992,3.043829
vanilla,2560,1342177280,3.125937
vanilla,2561,1342701568,3.086032
vanilla,2562,1343225856,3.122508
vanilla,2563,1343750144,3.172871
vanilla,2564,1344274432,3.030098
vanilla,2565,1344798720,3.110352
vanilla,2566,1345323008,3.164312
vanilla,2567,1345847296,2.978081
vanilla,2568,1346371584,3.059543
vanilla,2569,1346895872,3.142513
vanilla,2570,1347420160,3.025168
vanilla,2571,1347944448,3.20142
vanilla,2572,1348468736,3.081656
vanilla,2573,1348993024,3.171928
vanilla,2574,1349517312,3.14972
vanilla,2575,1350041600,3.061531
vanilla,2576,1350565888,2.979555
vanilla,2577,1351090176,3.161355
vanilla,2578,1351614464,3.023977
vanilla,2579,1352138752,3.055381
vanilla,2580,1352663040,3.104705
vanilla,2581,1353187328,3.066295
vanilla,2582,1353711616,3.102294
vanilla,2583,1354235904,3.058133
vanilla,2584,1354760192,3.098728
vanilla,2585,1355284480,3.027373
vanilla,2586,1355808768,3.124633
vanilla,2587,1356333056,3.145422
vanilla,2588,1356857344,3.029971
vanilla,2589,1357381632,3.041564
vanilla,2590,1357905920,3.10685
vanilla,2591,1358430208,3.022316
vanilla,2592,1358954496,3.080079
vanilla,2593,1359478784,3.094422
vanilla,2594,1360003072,3.130765
vanilla,2595,1360527360,3.063514
vanilla,2596,1361051648,3.061065
vanilla,2597,1361575936,3.175947
vanilla,2598,1362100224,3.158601
vanilla,2599,1362624512,3.093757
vanilla,2600,1363148800,3.127328
vanilla,2601,1363673088,3.085137
vanilla,2602,1364197376,3.101503
vanilla,2603,1364721664,3.10125
vanilla,2604,1365245952,2.976545
vanilla,2605,1365770240,3.128319
vanilla,2606,1366294528,3.06978
vanilla,2607,1366818816,3.065857
vanilla,2608,1367343104,3.090236
vanilla,2609,1367867392,3.092113
vanilla,2610,1368391680,3.134413
vanilla,2611,1368915968,3.161553
vanilla,2612,1369440256,3.09941
vanilla,2613,1369964544,3.083293
vanilla,2614,1370488832,3.057675
vanilla,2615,1371013120,3.106328
vanilla,2616,1371537408,3.068419
vanilla,2617,1372061696,3.089913
vanilla,2618,1372585984,3.062581
vanilla,2619,1373110272,3.038854
vanilla,2620,1373634560,3.091772
vanilla,2621,1374158848,3.126615
vanilla,2622,1374683136,3.023701
vanilla,2623,1375207424,3.097034
vanilla,2624,1375731712,3.157894
vanilla,2625,1376256000,3.108054
vanilla,2626,1376780288,3.12309
vanilla,2627,1377304576,2.977062
vanilla,2628,1377828864,3.097466
vanilla,2629,1378353152,3.104108
vanilla,2630,1378877440,3.150066
vanilla,2631,1379401728,3.097222
vanilla,2632,1379926016,3.107249
vanilla,2633,1380450304,3.043726
vanilla,2634,1380974592,3.080423
vanilla,2635,1381498880,3.066126
vanilla,2636,1382023168,3.122217
vanilla,2637,1382547456,3.045151
vanilla,2638,1383071744,3.084996
vanilla,2639,1383596032,2.985744
vanilla,2640,1384120320,3.071267
vanilla,2641,1384644608,3.12555
vanilla,2642,1385168896,3.079047
vanilla,2643,1385693184,3.113823
vanilla,2644,1386217472,3.110978
vanilla,2645,1386741760,2.989132
vanilla,2646,1387266048,3.148244
vanilla,2647,1387790336,3.09064
vanilla,2648,1388314624,3.061792
vanilla,2649,1388838912,3.06163
vanilla,2650,1389363200,3.046496
vanilla,2651,1389887488,3.067591
vanilla,2652,1390411776,3.086407
vanilla,2653,1390936064,3.006269
vanilla,2654,1391460352,3.251808
vanilla,2655,1391984640,3.124929
vanilla,2656,1392508928,3.030069
vanilla,2657,1393033216,3.171602
vanilla,2658,1393557504,3.070912
vanilla,2659,1394081792,3.106748
vanilla,2660,1394606080,3.147336
vanilla,2661,1395130368,3.028052
vanilla,2662,1395654656,3.073775
vanilla,2663,1396178944,2.994232
vanilla,2664,1396703232,3.0472
vanilla,2665,1397227520,3.082998
vanilla,2666,1397751808,3.135784
vanilla,2667,1398276096,3.105034
vanilla,2668,1398800384,3.146786
vanilla,2669,1399324672,3.001243
vanilla,2670,1399848960,3.093667
vanilla,2671,1400373248,3.090134
vanilla,2672,1400897536,3.072042
vanilla,2673,1401421824,3.003609
vanilla,2674,1401946112,3.135501
vanilla,2675,1402470400,3.100895
vanilla,2676,1402994688,3.045294
vanilla,2677,1403518976,2.95772
vanilla,2678,1404043264,2.992767
vanilla,2679,1404567552,3.02456
vanilla,2680,1405091840,3.091559
vanilla,2681,1405616128,3.0643
vanilla,2682,1406140416,3.024221
vanilla,2683,1406664704,3.080412
vanilla,2684,1407188992,3.030693
vanilla,2685,1407713280,3.074362
vanilla,2686,1408237568,3.015954
vanilla,2687,1408761856,3.123932
vanilla,2688,1409286144,3.090105
vanilla,2689,1409810432,3.027019
vanilla,2690,1410334720,3.035495
vanilla,2691,1410859008,3.14713
vanilla,2692,1411383296,2.952515
vanilla,2693,1411907584,3.160556
vanilla,2694,1412431872,3.048234
vanilla,2695,1412956160,3.130628
vanilla,2696,1413480448,3.131422
vanilla,2697,1414004736,3.114794
vanilla,2698,1414529024,3.035779
vanilla,2699,1415053312,3.0064
vanilla,2700,1415577600,3.020895
vanilla,2701,1416101888,3.038214
vanilla,2702,1416626176,3.147659
vanilla,2703,1417150464,3.019039
vanilla,2704,1417674752,3.075205
vanilla,2705,1418199040,3.033401
vanilla,2706,1418723328,3.078356
vanilla,2707,1419247616,3.161996
vanilla,2708,1419771904,3.058999
vanilla,2709,1420296192,2.985516
vanilla,2710,1420820480,2.945068
vanilla,2711,1421344768,3.17136
vanilla,2712,1421869056,3.08478
vanilla,2713,1422393344,3.010518
vanilla,2714,1422917632,3.076511
vanilla,2715,1423441920,3.041268
vanilla,2716,1423966208,3.012416
vanilla,2717,1424490496,3.138761
vanilla,2718,1425014784,3.000716
vanilla,2719,1425539072,3.137808
vanilla,2720,1426063360,3.080098
vanilla,2721,1426587648,2.995361
vanilla,2722,1427111936,3.085509
vanilla,2723,1427636224,3.114565
vanilla,2724,1428160512,3.044822
vanilla,2725,1428684800,3.046
vanilla,2726,1429209088,3.10026
vanilla,2727,1429733376,3.101204
vanilla,2728,1430257664,3.109719
vanilla,2729,1430781952,3.05415
vanilla,2730,1431306240,3.086618
vanilla,2731,1431830528,3.006042
vanilla,2732,1432354816,3.07082
vanilla,2733,1432879104,3.086975
vanilla,2734,1433403392,3.144772
vanilla,2735,1433927680,3.048435
vanilla,2736,1434451968,3.037073
vanilla,2737,1434976256,3.02659
vanilla,2738,1435500544,3.126964
vanilla,2739,1436024832,3.06853
vanilla,2740,1436549120,3.085552
vanilla,2741,1437073408,2.957894
vanilla,2742,1437597696,3.027491
vanilla,2743,1438121984,3.040686
vanilla,2744,1438646272,3.068785
vanilla,2745,1439170560,3.157978
vanilla,2746,1439694848,3.10883
vanilla,2747,1440219136,3.142153
vanilla,2748,1440743424,3.024539
vanilla,2749,1441267712,3.180683
vanilla,2750,1441792000,3.025212
vanilla,2751,1442316288,3.079917
vanilla,2752,1442840576,3.017258
vanilla,2753,1443364864,3.031276
vanilla,2754,1443889152,2.988948
vanilla,2755,1444413440,3.140496
vanilla,2756,1444937728,3.080403
vanilla,2757,1445462016,3.028327
vanilla,2758,1445986304,3.098094
vanilla,2759,1446510592,3.153419
vanilla,2760,1447034880,3.020024
vanilla,2761,1447559168,3.005641
vanilla,2762,1448083456,3.051154
vanilla,2763,1448607744,3.044569
vanilla,2764,1449132032,3.047225
vanilla,2765,1449656320,3.037854
vanilla,2766,1450180608,3.107853
vanilla,2767,1450704896,3.086719
vanilla,2768,1451229184,3.022847
vanilla,2769,1451753472,3.021771
vanilla,2770,1452277760,3.041878
vanilla,2771,1452802048,2.925945
vanilla,2772,1453326336,3.09667
vanilla,2773,1453850624,3.042112
vanilla,2774,1454374912,2.948268
vanilla,2775,1454899200,3.11374
vanilla,2776,1455423488,3.106976
vanilla,2777,1455947776,3.155336
vanilla,2778,1456472064,2.986352
vanilla,2779,1456996352,3.074262
vanilla,2780,1457520640,3.054615
vanilla,2781,1458044928,3.099291
vanilla,2782,1458569216,3.059726
vanilla,2783,1459093504,3.043718
vanilla,2784,1459617792,3.055268
vanilla,2785,1460142080,3.067286
vanilla,2786,1460666368,3.101024
vanilla,2787,1461190656,3.033752
vanilla,2788,1461714944,2.996182
vanilla,2789,1462239232,3.063653
vanilla,2790,1462763520,3.044176
vanilla,2791,1463287808,3.012343
vanilla,2792,1463812096,3.115768
vanilla,2793,1464336384,3.062774
vanilla,2794,1464860672,2.937903
vanilla,2795,1465384960,3.099949
vanilla,2796,1465909248,3.083779
vanilla,2797,1466433536,3.06495
vanilla,2798,1466957824,3.086203
vanilla,2799,1467482112,3.050212
vanilla,2800,1468006400,3.114342
vanilla,2801,1468530688,3.064957
vanilla,2802,1469054976,3.076908
vanilla,2803,1469579264,3.037788
vanilla,2804,1470103552,3.17105
vanilla,2805,1470627840,3.052808
vanilla,2806,1471152128,3.042906
vanilla,2807,1471676416,3.082747
vanilla,2808,1472200704,3.02114
vanilla,2809,1472724992,3.18891
vanilla,2810,1473249280,3.010456
vanilla,2811,1473773568,3.069987
vanilla,2812,1474297856,3.043152
vanilla,2813,1474822144,3.05687
vanilla,2814,1475346432,3.136998
vanilla,2815,1475870720,3.011558
vanilla,2816,1476395008,2.979138
vanilla,2817,1476919296,3.087944
vanilla,2818,1477443584,3.136518
vanilla,2819,1477967872,2.978554
vanilla,2820,1478492160,3.108191
vanilla,2821,1479016448,3.071885
vanilla,2822,1479540736,3.070267
vanilla,2823,1480065024,3.105374
vanilla,2824,1480589312,3.098603
vanilla,2825,1481113600,3.109349
vanilla,2826,1481637888,3.082715
vanilla,2827,1482162176,3.106234
vanilla,2828,1482686464,3.102969
vanilla,2829,1483210752,3.092474
vanilla,2830,1483735040,3.05743
vanilla,2831,1484259328,3.125074
vanilla,2832,1484783616,2.992222
vanilla,2833,1485307904,3.022738
vanilla,2834,1485832192,3.042557
vanilla,2835,1486356480,3.12366
vanilla,2836,1486880768,2.997697
dual-slot,1,524288,10.90222
dual-slot,2,1048576,10.90239
dual-slot,3,1572864,10.86499
dual-slot,4,2097152,10.68953
dual-slot,5,2621440,10.53769
dual-slot,6,3145728,10.37729
dual-slot,7,3670016,10.25407
dual-slot,8,4194304,10.14143
dual-slot,9,4718592,10.0849
dual-slot,10,5242880,10.01803
dual-slot,11,5767168,9.975195
dual-slot,12,6291456,9.923414
dual-slot,13,6815744,9.854501
dual-slot,14,7340032,9.788783
dual-slot,15,7864320,9.729106
dual-slot,16,8388608,9.589305
dual-slot,17,8912896,9.502392
dual-slot,18,9437184,9.41115
dual-slot,19,9961472,9.31788
dual-slot,20,10485760,9.2279
dual-slot,21,11010048,9.142906
dual-slot,22,11534336,9.022321
dual-slot,23,12058624,8.933712
dual-slot,24,12582912,8.823794
dual-slot,25,13107200,8.708822
dual-slot,26,13631488,8.618096
dual-slot,27,14155776,8.502207
dual-slot,28,14680064,8.408407
dual-slot,29,15204352,8.304365
dual-slot,30,15728640,8.220951
dual-slot,31,16252928,8.150605
dual-slot,32,16777216,8.033638
dual-slot,33,17301504,7.949738
dual-slot,34,17825792,7.879154
dual-slot,35,18350080,7.888687
dual-slot,36,18874368,7.797718
dual-slot,37,19398656,7.748785
dual-slot,38,19922944,7.677254
dual-slot,39,20447232,7.652068
dual-slot,40,20971520,7.517086
dual-slot,41,21495808,7.533811
dual-slot,42,22020096,7.538723
dual-slot,43,22544384,7.463162
dual-slot,44,23068672,7.427691
dual-slot,45,23592960,7.3837
dual-slot,46,24117248,7.353254
dual-slot,47,24641536,7.31851
dual-slot,48,25165824,7.331182
dual-slot,49,25690112,7.239798
dual-slot,50,26214400,7.17282
dual-slot,51,26738688,7.123501
dual-slot,52,27262976,7.135252
dual-slot,53,27787264,7.063072
dual-slot,54,28311552,7.018472
dual-slot,55,28835840,6.985215
dual-slot,56,29360128,7.062788
dual-slot,57,29884416,7.012486
dual-slot,58,30408704,6.888508
dual-slot,59,30932992,6.917545
dual-slot,60,31457280,6.882511
dual-slot,61,31981568,6.780913
dual-slot,62,32505856,6.737922
dual-slot,63,33030144,6.732522
dual-slot,64,33554432,6.683872
dual-slot,65,34078720,6.676657
dual-slot,66,34603008,6.614281
dual-slot,67,35127296,6.688565
dual-slot,68,35651584,6.577819
dual-slot,69,36175872,6.605864
dual-slot,70,36700160,6.553411
dual-slot,71,37224448,6.453566
dual-slot,72,37748736,6.444284
dual-slot,73,38273024,6.499587
dual-slot,74,38797312,6.414359
dual-slot,75,39321600,6.427356
dual-slot,76,39845888,6.342545
dual-slot,77,40370176,6.357098
dual-slot,78,40894464,6.242043
dual-slot,79,41418752,6.255961
dual-slot,80,41943040,6.28893
dual-slot,81,42467328,6.236495
dual-slot,82,42991616,6.240627
dual-slot,83,43515904,6.293625
dual-slot,84,44040192,6.201964
dual-slot,85,44564480,6.122024
dual-slot,86,45088768,6.126413
dual-slot,87,45613056,6.024571
dual-slot,88,46137344,6.099402
dual-slot,89,46661632,6.135661
dual-slot,90,47185920,6.077034
dual-slot,91,47710208,6.082953
dual-slot,92,48234496,6.06995
dual-slot,93,48758784,6.004547
dual-slot,94,49283072,6.058832
dual-slot,95,49807360,6.076589
dual-slot,96,50331648,5.899828
dual-slot,97,50855936,5.958755
dual-slot,98,51380224,5.977919
dual-slot,99,51904512,5.907274
dual-slot,100,52428800,5.903882
dual-slot,101,52953088,5.828327
dual-slot,102,53477376,5.92976
dual-slot,103,54001664,5.877106
dual-slot,104,54525952,5.945831
dual-slot,105,55050240,5.946701
dual-slot,106,55574528,5.781526
dual-slot,107,56098816,5.819568
dual-slot,108,56623104,5.827929
dual-slot,109,57147392,5.81326
dual-slot,110,57671680,5.836355
dual-slot,111,58195968,5.751425
dual-slot,112,58720256,5.812634
dual-slot,113,59244544,5.737554
dual-slot,114,59768832,5.725573
dual-slot,115,60293120,5.760804
dual-slot,116,60817408,5.700674
dual-slot,117,61341696,5.706908
dual-slot,118,61865984,5.685273
dual-slot,119,62390272,5.630117
dual-slot,120,62914560,5.674519
dual-slot,121,63438848,5.668978
dual-slot,122,63963136,5.643422
dual-slot,123,64487424,5.682312
dual-slot,124,65011712,5.607781
dual-slot,125,65536000,5.623492
dual-slot,126,66060288,5.602183
dual-slot,127,66584576,5.639166
dual-slot,128,67108864,5.502439
dual-slot,129,67633152,5.592613
dual-slot,130,68157440,5.524823
dual-slot,131,68681728,5.506968
dual-slot,132,69206016,5.487928
dual-slot,133,69730304,5.507371
dual-slot,134,70254592,5.518458
dual-slot,135,70778880,5.532456
dual-slot,136,71303168,5.481934
dual-slot,137,71827456,5.538325
dual-slot,138,72351744,5.540686
dual-slot,139,72876032,5.478775
dual-slot,140,73400320,5.56921
dual-slot,141,73924608,5.50576
dual-slot,142,74448896,5.508471
dual-slot,143,74973184,5.445812
dual-slot,144,75497472,5.417125
dual-slot,145,76021760,5.457713
dual-slot,146,76546048,5.35265
dual-slot,147,77070336,5.398545
dual-slot,148,77594624,5.467864
dual-slot,149,78118912,5.426957
dual-slot,150,78643200,5.325686
dual-slot,151,79167488,5.428349
dual-slot,152,79691776,5.34036
dual-slot,153,80216064,5.250044
dual-slot,154,80740352,5.377779
dual-slot,155,81264640,5.359734
dual-slot,156,81788928,5.345538
dual-slot,157,82313216,5.314142
dual-slot,158,82837504,5.286277
dual-slot,159,83361792,5.249774
dual-slot,160,83886080,5.239964
dual-slot,161,84410368,5.283273
dual-slot,162,84934656,5.319903
dual-slot,163,85458944,5.289892
dual-slot,164,85983232,5.229353
dual-slot,165,86507520,5.252779
dual-slot,166,87031808,5.241807
dual-slot,167,87556096,5.209083
dual-slot,168,88080384,5.207292
dual-slot,169,88604672,5.283883
dual-slot,170,89128960,5.231042
dual-slot,171,89653248,5.234713
dual-slot,172,90177536,5.206867
dual-slot,173,90701824,5.095334
dual-slot,174,91226112,5.155096
dual-slot,175,91750400,5.149302
dual-slot,176,92274688,5.215224
dual-slot,177,92798976,5.15201
dual-slot,178,93323264,5.118406
dual-slot,179,93847552,5.154425
dual-slot,180,94371840,5.169205
dual-slot,181,94896128,5.141075
dual-slot,182,95420416,5.147599
dual-slot,183,95944704,5.131155
dual-slot,184,96468992,5.082477
dual-slot,185,96993280,5.099662
dual-slot,186,97517568,5.096272
dual-slot,187,98041856,5.135306
dual-slot,188,98566144,5.06371
dual-slot,189,99090432,5.040619
dual-slot,190,99614720,5.07833
dual-slot,191,100139008,5.085849
dual-slot,192,100663296,4.978424
dual-slot,193,101187584,4.924113
dual-slot,194,101711872,4.996531
dual-slot,195,102236160,4.996758
dual-slot,196,102760448,4.945108
dual-slot,197,103284736,4.921888
dual-slot,198,103809024,4.917795
dual-slot,199,104333312,4.991815
dual-slot,200,104857600,4.986348
dual-slot,201,105381888,5.013589
dual-slot,202,105906176,4.952474
dual-slot,203,106430464,4.967965
dual-slot,204,106954752,4.883337
dual-slot,205,107479040,4.883
dual-slot,206,108003328,4.864926
dual-slot,207,108527616,4.91718
dual-slot,208,109051904,4.911043
dual-slot,209,109576192,4.894552
dual-slot,210,110100480,4.894976
dual-slot,211,110624768,4.908262
dual-slot,212,111149056,4.856582
dual-slot,213,111673344,4.889596
dual-slot,214,112197632,4.752574
dual-slot,215,112721920,4.687258
dual-slot,216,113246208,4.75631
dual-slot,217,113770496,4.675698
dual-slot,218,114294784,4.734005
dual-slot,219,114819072,4.755465
dual-slot,220,115343360,4.803847
dual-slot,221,115867648,4.687996
dual-slot,222,116391936,4.701914
dual-slot,223,116916224,4.734914
dual-slot,224,117440512,4.796523
dual-slot,225,117964800,4.728924
dual-slot,226,118489088,4.739605
dual-slot,227,119013376,4.680113
dual-slot,228,119537664,4.746895
dual-slot,229,120061952,4.71739
dual-slot,230,120586240,4.679037
dual-slot,231,121110528,4.537459
dual-slot,232,121634816,4.663321
dual-slot,233,122159104,4.606904
dual-slot,234,122683392,4.611228
dual-slot,235,123207680,4.575212
dual-slot,236,123731968,4.602362
dual-slot,237,124256256,4.646333
dual-slot,238,124780544,4.514629
dual-slot,239,125304832,4.551308
dual-slot,240,125829120,4.605505
dual-slot,241,126353408,4.510604
dual-slot,242,126877696,4.555653
dual-slot,243,127401984,4.528707
dual-slot,244,127926272,4.517402
dual-slot,245,128450560,4.491336
dual-slot,246,128974848,4.486789
dual-slot,247,129499136,4.447248
dual-slot,248,130023424,4.508287
dual-slot,249,130547712,4.494174
dual-slot,250,131072000,4.438008
dual-slot,251,131596288,4.400129
dual-slot,252,132120576,4.43725
dual-slot,253,132644864,4.457136
dual-slot,254,133169152,4.420712
dual-slot,255,133693440,4.346508
dual-slot,256,134217728,4.432619
dual-slot,257,134742016,4.33902
dual-slot,258,135266304,4.372724
dual-slot,259,135790592,4.299566
dual-slot,260,136314880,4.424821
dual-slot,261,136839168,4.332978
dual-slot,262,137363456,4.411319
dual-slot,263,137887744,4.369279
dual-slot,264,138412032,4.374038
dual-slot,265,138936320,4.309337
dual-slot,266,139460608,4.361638
dual-slot,267,139984896,4.30505
dual-slot,268,140509184,4.221132
dual-slot,269,141033472,4.324799
dual-slot,270,141557760,4.275303
dual-slot,271,142082048,4.294593
dual-slot,272,142606336,4.267502
dual-slot,273,143130624,4.274824
dual-slot,274,143654912,4.252092
dual-slot,275,144179200,4.346344
dual-slot,276,144703488,4.314032
dual-slot,277,145227776,4.3078
dual-slot,278,145752064,4.264997
dual-slot,279,146276352,4.333238
dual-slot,280,146800640,4.136371
dual-slot,281,147324928,4.152202
dual-slot,282,147849216,4.250831
dual-slot,283,148373504,4.20094
dual-slot,284,148897792,4.192132
dual-slot,285,149422080,4.147733
dual-slot,286,149946368,4.116039
dual-slot,287,150470656,4.304752
dual-slot,288,150994944,4.144782
dual-slot,289,151519232,4.202559
dual-slot,290,152043520,4.117487
dual-slot,291,152567808,4.11658
dual-slot,292,153092096,4.079573
dual-slot,293,153616384,4.087193
dual-slot,294,154140672,4.250663
dual-slot,295,154664960,4.181652
dual-slot,296,155189248,4.193363
dual-slot,297,155713536,4.095531
dual-slot,298,156237824,4.084054
dual-slot,299,156762112,4.202829
dual-slot,300,157286400,4.143729
dual-slot,301,157810688,4.166453
dual-slot,302,158334976,4.105491
dual-slot,303,158859264,4.136012
dual-slot,304,159383552,4.098928
dual-slot,305,159907840,4.12364
dual-slot,306,160432128,4.103678
dual-slot,307,160956416,4.19417
dual-slot,308,161480704,4.155826
dual-slot,309,162004992,4.034943
dual-slot,310,162529280,4.149383
dual-slot,311,163053568,4.180048
dual-slot,312,163577856,4.195451
dual-slot,313,164102144,4.101383
dual-slot,314,164626432,4.134076
dual-slot,315,165150720,3.945867
dual-slot,316,165675008,4.121295
dual-slot,317,166199296,4.139532
dual-slot,318,166723584,4.029667
dual-slot,319,167247872,4.071156
dual-slot,320,167772160,4.042378
dual-slot,321,168296448,4.008134
dual-slot,322,168820736,4.151184
dual-slot,323,169345024,4.10926
dual-slot,324,169869312,4.17468
dual-slot,325,170393600,4.066531
dual-slot,326,170917888,4.09114
dual-slot,327,171442176,4.029015
dual-slot,328,171966464,3.999198
dual-slot,329,172490752,4.03234
dual-slot,330,173015040,4.082545
dual-slot,331,173539328,4.087501
dual-slot,332,174063616,4.020974
dual-slot,333,174587904,4.038538
dual-slot,334,175112192,4.062028
dual-slot,335,175636480,4.047401
dual-slot,336,176160768,4.040635
dual-slot,337,176685056,3.95481
dual-slot,338,177209344,3.915869
dual-slot,339,177733632,4.120717
dual-slot,340,178257920,3.93188
dual-slot,341,178782208,3.956369
dual-slot,342,179306496,4.018227
dual-slot,343,179830784,3.897325
dual-slot,344,180355072,4.054841
dual-slot,345,180879360,3.978113
dual-slot,346,181403648,3.959632
dual-slot,347,181927936,4.007177
dual-slot,348,182452224,3.99026
dual-slot,349,182976512,3.983018
dual-slot,350,183500800,4.063797
dual-slot,351,184025088,3.966548
dual-slot,352,184549376,3.99436
dual-slot,353,185073664,3.965227
dual-slot,354,185597952,4.037997
dual-slot,355,186122240,3.896114
dual-slot,356,186646528,3.986372
dual-slot,357,187170816,3.891008
dual-slot,358,187695104,3.924508
dual-slot,359,188219392,3.898238
dual-slot,360,188743680,4.030127
dual-slot,361,189267968,3.906262
dual-slot,362,189792256,4.004148
dual-slot,363,190316544,3.889582
dual-slot,364,190840832,4.006029
dual-slot,365,191365120,3.964214
dual-slot,366,191889408,3.93122
dual-slot,367,192413696,3.981269
dual-slot,368,192937984,3.992674
dual-slot,369,193462272,3.917837
dual-slot,370,193986560,3.896393
dual-slot,371,194510848,3.946587
dual-slot,372,195035136,3.94722
dual-slot,373,195559424,3.914026
dual-slot,374,196083712,4.00148
dual-slot,375,196608000,3.895599
dual-slot,376,197132288,3.903363
dual-slot,377,197656576,3.861663
dual-slot,378,198180864,3.862296
dual-slot,379,198705152,3.943757
dual-slot,380,199229440,3.936822
dual-slot,381,199753728,3.900031
dual-slot,382,200278016,3.88805
dual-slot,383,200802304,3.820654
dual-slot,384,201326592,3.919171
dual-slot,385,201850880,3.786852
dual-slot,386,202375168,3.855107
dual-slot,387,202899456,3.868899
dual-slot,388,203423744,3.904003
dual-slot,389,203948032,3.93108
dual-slot,390,204472320,3.865994
dual-slot,391,204996608,3.886465
dual-slot,392,205520896,3.827201
dual-slot,393,206045184,3.828534
dual-slot,394,206569472,3.744108
dual-slot,395,207093760,3.794335
dual-slot,396,207618048,3.792308
dual-slot,397,208142336,3.958654
dual-slot,398,208666624,3.877753
dual-slot,399,209190912,3.828839
dual-slot,400,209715200,3.840559
dual-slot,401,210239488,3.806288
dual-slot,402,210763776,3.866107
dual-slot,403,211288064,3.777488
dual-slot,404,211812352,3.834781
dual-slot,405,212336640,3.810033
dual-slot,406,212860928,3.783071
dual-slot,407,213385216,3.798983
dual-slot,408,213909504,3.849225
dual-slot,409,214433792,3.837456
dual-slot,410,214958080,3.764161
dual-slot,411,215482368,3.722404
dual-slot,412,216006656,3.825082
dual-slot,413,216530944,3.878757
dual-slot,414,217055232,3.809478
dual-slot,415,217579520,3.805793
dual-slot,416,218103808,3.734023
dual-slot,417,218628096,3.801905
dual-slot,418,219152384,3.788158
dual-slot,419,219676672,3.758955
dual-slot,420,220200960,3.855328
dual-slot,421,220725248,3.926498
dual-slot,422,221249536,3.819892
dual-slot,423,221773824,3.766284
dual-slot,424,222298112,3.830547
dual-slot,425,222822400,3.772784
dual-slot,426,223346688,3.687216
dual-slot,427,223870976,3.675587
dual-slot,428,224395264,3.835489
dual-slot,429,224919552,3.852811
dual-slot,430,225443840,3.869823
dual-slot,431,225968128,3.805839
dual-slot,432,226492416,3.708552
dual-slot,433,227016704,3.73209
dual-slot,434,227540992,3.821662
dual-slot,435,228065280,3.771239
dual-slot,436,228589568,3.832677
dual-slot,437,229113856,3.780261
dual-slot,438,229638144,3.779046
dual-slot,439,230162432,3.829163
dual-slot,440,230686720,3.792348
dual-slot,441,231211008,3.706085
dual-slot,442,231735296,3.69695
dual-slot,443,232259584,3.782632
dual-slot,444,232783872,3.73672
dual-slot,445,233308160,3.802558
dual-slot,446,233832448,3.767659
dual-slot,447,234356736,3.776686
dual-slot,448,234881024,3.851009
dual-slot,449,235405312,3.715268
dual-slot,450,235929600,3.809875
dual-slot,451,236453888,3.757806
dual-slot,452,236978176,3.758927
dual-slot,453,237502464,3.84918
dual-slot,454,238026752,3.813753
dual-slot,455,238551040,3.757738
dual-slot,456,239075328,3.672068
dual-slot,457,239599616,3.746394
dual-slot,458,240123904,3.716224
dual-slot,459,240648192,3.775627
dual-slot,460,241172480,3.771738
dual-slot,461,241696768,3.773873
dual-slot,462,242221056,3.783857
dual-slot,463,242745344,3.654147
dual-slot,464,243269632,3.693887
dual-slot,465,243793920,3.734921
dual-slot,466,244318208,3.649641
dual-slot,467,244842496,3.758426
dual-slot,468,245366784,3.716298
dual-slot,469,245891072,3.755163
dual-slot,470,246415360,3.647505
dual-slot,471,246939648,3.71918
dual-slot,472,247463936,3.771805
dual-slot,473,247988224,3.786469
dual-slot,474,248512512,3.678219
dual-slot,475,249036800,3.656022
dual-slot,476,249561088,3.727211
dual-slot,477,250085376,3.750806
dual-slot,478,250609664,3.824653
dual-slot,479,251133952,3.698545
dual-slot,480,251658240,3.735971
dual-slot,481,252182528,3.772894
dual-slot,482,252706816,3.682175
dual-slot,483,253231104,3.762158
dual-slot,484,253755392,3.645639
dual-slot,485,254279680,3.651969
dual-slot,486,254803968,3.625735
dual-slot,487,255328256,3.773525
dual-slot,488,255852544,3.831035
dual-slot,489,256376832,3.628212
dual-slot,490,256901120,3.787935
dual-slot,491,257425408,3.674237
dual-slot,492,257949696,3.704203
dual-slot,493,258473984,3.676537
dual-slot,494,258998272,3.711429
dual-slot,495,259522560,3.655864
dual-slot,496,260046848,3.589801
dual-slot,497,260571136,3.636911
dual-slot,498,261095424,3.694653
dual-slot,499,261619712,3.695744
dual-slot,500,262144000,3.665711
dual-slot,501,262668288,3.731874
dual-slot,502,263192576,3.703084
dual-slot,503,263716864,3.70423
dual-slot,504,264241152,3.628091
dual-slot,505,264765440,3.672455
dual-slot,506,265289728,3.746865
dual-slot,507,265814016,3.636658
dual-slot,508,266338304,3.643897
dual-slot,509,266862592,3.619364
dual-slot,510,267386880,3.626047
dual-slot,511,267911168,3.620207
dual-slot,512,268435456,3.663617
dual-slot,513,268959744,3.662951
dual-slot,514,269484032,3.639364
dual-slot,515,270008320,3.618658
dual-slot,516,270532608,3.676989
dual-slot,517,271056896,3.706905
dual-slot,518,271581184,3.740385
dual-slot,519,272105472,3.598333
dual-slot,520,272629760,3.652215
dual-slot,521,273154048,3.606704
dual-slot,522,273678336,3.692658
dual-slot,523,274202624,3.666424
dual-slot,524,274726912,3.616758
dual-slot,525,275251200,3.60755
dual-slot,526,275775488,3.691453
dual-slot,527,276299776,3.624412
dual-slot,528,276824064,3.760888
dual-slot,529,277348352,3.6923
dual-slot,530,277872640,3.651133
dual-slot,531,278396928,3.637032
dual-slot,532,278921216,3.646556
dual-slot,533,279445504,3.675374
dual-slot,534,279969792,3.672416
dual-slot,535,280494080,3.684727
dual-slot,536,281018368,3.679528
dual-slot,537,281542656,3.683022
dual-slot,538,282066944,3.633624
dual-slot,539,282591232,3.673216
dual-slot,540,283115520,3.719901
dual-slot,541,283639808,3.693574
dual-slot,542,284164096,3.683243
dual-slot,543,284688384,3.664818
dual-slot,544,285212672,3.753494
dual-slot,545,285736960,3.645511
dual-slot,546,286261248,3.65358
dual-slot,547,286785536,3.587415
dual-slot,548,287309824,3.728943
dual-slot,549,287834112,3.529648
dual-slot,550,288358400,3.665491
dual-slot,551,288882688,3.566531
dual-slot,552,289406976,3.614555
dual-slot,553,289931264,3.639854
dual-slot,554,290455552,3.691541
dual-slot,555,290979840,3.547242
dual-slot,556,291504128,3.675255
dual-slot,557,292028416,3.668745
dual-slot,558,292552704,3.592072
dual-slot,559,293076992,3.541926
dual-slot,560,293601280,3.676343
dual-slot,561,294125568,3.628402
dual-slot,562,294649856,3.569971
dual-slot,563,295174144,3.658094
dual-slot,564,295698432,3.576221
dual-slot,565,296222720,3.595783
dual-slot,566,296747008,3.619979
dual-slot,567,297271296,3.547393
dual-slot,568,297795584,3.558002
dual-slot,569,298319872,3.553649
dual-slot,570,298844160,3.588327
dual-slot,571,299368448,3.582606
dual-slot,572,299892736,3.506371
dual-slot,573,300417024,3.570444
dual-slot,574,300941312,3.650386
dual-slot,575,301465600,3.539865
dual-slot,576,301989888,3.546448
dual-slot,577,302514176,3.639431
dual-slot,578,303038464,3.606895
dual-slot,579,303562752,3.565848
dual-slot,580,304087040,3.645965
dual-slot,581,304611328,3.703277
dual-slot,582,305135616,3.601807
dual-slot,583,305659904,3.516767
dual-slot,584,306184192,3.552542
dual-slot,585,306708480,3.609674
dual-slot,586,307232768,3.593242
dual-slot,587,307757056,3.526021
dual-slot,588,308281344,3.550632
dual-slot,589,308805632,3.451082
dual-slot,590,309329920,3.532249
dual-slot,591,309854208,3.545998
dual-slot,592,310378496,3.598869
dual-slot,593,310902784,3.603473
dual-slot,594,311427072,3.495032
dual-slot,595,311951360,3.559431
dual-slot,596,312475648,3.661649
dual-slot,597,312999936,3.613694
dual-slot,598,313524224,3.566056
dual-slot,599,314048512,3.607213
dual-slot,600,314572800,3.544089
dual-slot,601,315097088,3.594654
dual-slot,602,315621376,3.492481
dual-slot,603,316145664,3.68138
dual-slot,604,316669952,3.57457
dual-slot,605,317194240,3.57052
dual-slot,606,317718528,3.375856
dual-slot,607,318242816,3.46262
dual-slot,608,318767104,3.552907
dual-slot,609,319291392,3.561928
dual-slot,610,319815680,3.458697
dual-slot,611,320339968,3.566573
dual-slot,612,320864256,3.53733
dual-slot,613,321388544,3.543134
dual-slot,614,321912832,3.601084
dual-slot,615,322437120,3.487539
dual-slot,616,322961408,3.559288
dual-slot,617,323485696,3.546278
dual-slot,618,324009984,3.567591
dual-slot,619,324534272,3.576858
dual-slot,620,325058560,3.563722
dual-slot,621,325582848,3.509164
dual-slot,622,326107136,3.585775
dual-slot,623,326631424,3.610595
dual-slot,624,327155712,3.598396
dual-slot,625,327680000,3.518875
dual-slot,626,328204288,3.573374
dual-slot,627,328728576,3.554658
dual-slot,628,329252864,3.580538
dual-slot,629,329777152,3.591087
dual-slot,630,330301440,3.607018
dual-slot,631,330825728,3.589567
dual-slot,632,331350016,3.520065
dual-slot,633,331874304,3.548956
dual-slot,634,332398592,3.448406
dual-slot,635,332922880,3.555761
dual-slot,636,333447168,3.619979
dual-slot,637,333971456,3.504196
dual-slot,638,334495744,3.542053
dual-slot,639,335020032,3.448777
dual-slot,640,335544320,3.508347
dual-slot,641,336068608,3.54607
dual-slot,642,336592896,3.615011
dual-slot,643,337117184,3.463023
dual-slot,644,337641472,3.497535
dual-slot,645,338165760,3.535219
dual-slot,646,338690048,3.553565
dual-slot,647,339214336,3.594738
dual-slot,648,339738624,3.550222
dual-slot,649,340262912,3.484381
dual-slot,650,340787200,3.549066
dual-slot,651,341311488,3.52309
dual-slot,652,341835776,3.495197
dual-slot,653,342360064,3.467551
dual-slot,654,342884352,3.490482
dual-slot,655,343408640,3.500538
dual-slot,656,343932928,3.515253
dual-slot,657,344457216,3.568485
dual-slot,658,344981504,3.582283
dual-slot,659,345505792,3.59919
dual-slot,660,346030080,3.500865
dual-slot,661,346554368,3.576158
dual-slot,662,347078656,3.508122
dual-slot,663,347602944,3.477505
dual-slot,664,348127232,3.571663
dual-slot,665,348651520,3.43739
dual-slot,666,349175808,3.423738
dual-slot,667,349700096,3.524272
dual-slot,668,350224384,3.58337
dual-slot,669,350748672,3.550293
dual-slot,670,351272960,3.474031
dual-slot,671,351797248,3.489869
dual-slot,672,352321536,3.388472
dual-slot,673,352845824,3.568662
dual-slot,674,353370112,3.503131
dual-slot,675,353894400,3.628863
dual-slot,676,354418688,3.461906
dual-slot,677,354942976,3.520968
dual-slot,678,355467264,3.562299
dual-slot,679,355991552,3.479328
dual-slot,680,356515840,3.479514
dual-slot,681,357040128,3.573029
dual-slot,682,357564416,3.57884
dual-slot,683,358088704,3.501874
dual-slot,684,358612992,3.532266
dual-slot,685,359137280,3.543586
dual-slot,686,359661568,3.619395
dual-slot,687,360185856,3.557456
dual-slot,688,360710144,3.452959
dual-slot,689,361234432,3.528373
dual-slot,690,361758720,3.46147
dual-slot,691,362283008,3.486025
dual-slot,692,362807296,3.444805
dual-slot,693,363331584,3.496164
dual-slot,694,363855872,3.575402
dual-slot,695,364380160,3.585675
dual-slot,696,364904448,3.542651
dual-slot,697,365428736,3.435644
dual-slot,698,365953024,3.461748
dual-slot,699,366477312,3.432836
dual-slot,700,367001600,3.543437
dual-slot,701,367525888,3.522536
dual-slot,702,368050176,3.460824
dual-slot,703,368574464,3.5648
dual-slot,704,369098752,3.512468
dual-slot,705,369623040,3.50007
dual-slot,706,370147328,3.499438
dual-slot,707,370671616,3.47575
dual-slot,708,371195904,3.637303
dual-slot,709,371720192,3.438605
dual-slot,710,372244480,3.448768
dual-slot,711,372768768,3.520658
dual-slot,712,373293056,3.530128
dual-slot,713,373817344,3.43451
dual-slot,714,374341632,3.489181
dual-slot,715,374865920,3.336275
dual-slot,716,375390208,3.45145
dual-slot,717,375914496,3.464955
dual-slot,718,376438784,3.536871
dual-slot,719,376963072,3.528148
dual-slot,720,377487360,3.524915
dual-slot,721,378011648,3.529281
dual-slot,722,378535936,3.516051
dual-slot,723,379060224,3.508493
dual-slot,724,379584512,3.498376
dual-slot,725,380108800,3.464158
dual-slot,726,380633088,3.496018
dual-slot,727,381157376,3.368044
dual-slot,728,381681664,3.329907
dual-slot,729,382205952,3.493673
dual-slot,730,382730240,3.491189
dual-slot,731,383254528,3.496093
dual-slot,732,383778816,3.500139
dual-slot,733,384303104,3.459446
dual-slot,734,384827392,3.449601
dual-slot,735,385351680,3.492105
dual-slot,736,385875968,3.460782
dual-slot,737,386400256,3.50572
dual-slot,738,386924544,3.474668
dual-slot,739,387448832,3.515295
dual-slot,740,387973120,3.367251
dual-slot,741,388497408,3.438174
dual-slot,742,389021696,3.473572
dual-slot,743,389545984,3.529612
dual-slot,744,390070272,3.512223
dual-slot,745,390594560,3.550006
dual-slot,746,391118848,3.479844
dual-slot,747,391643136,3.453874
dual-slot,748,392167424,3.5964
dual-slot,749,392691712,3.431305
dual-slot,750,393216000,3.386674
dual-slot,751,393740288,3.459395
dual-slot,752,394264576,3.518517
dual-slot,753,394788864,3.478806
dual-slot,754,395313152,3.564279
dual-slot,755,395837440,3.379329
dual-slot,756,396361728,3.544099
dual-slot,757,396886016,3.471521
dual-slot,758,397410304,3.362081
dual-slot,759,397934592,3.37181
dual-slot,760,398458880,3.509139
dual-slot,761,398983168,3.538741
dual-slot,762,399507456,3.405792
dual-slot,763,400031744,3.389674
dual-slot,764,400556032,3.486797
dual-slot,765,401080320,3.514567
dual-slot,766,401604608,3.411143
dual-slot,767,402128896,3.558762
dual-slot,768,402653184,3.500333
dual-slot,769,403177472,3.396679
dual-slot,770,403701760,3.531661
dual-slot,771,404226048,3.442541
dual-slot,772,404750336,3.444662
dual-slot,773,405274624,3.532606
dual-slot,774,405798912,3.438976
dual-slot,775,406323200,3.409379
dual-slot,776,406847488,3.50893
dual-slot,777,407371776,3.441595
dual-slot,778,407896064,3.508099
dual-slot,779,408420352,3.396362
dual-slot,780,408944640,3.437884
dual-slot,781,409468928,3.41867
dual-slot,782,409993216,3.461043
dual-slot,783,410517504,3.410311
dual-slot,784,411041792,3.451854
dual-slot,785,411566080,3.446436
dual-slot,786,412090368,3.4077
dual-slot,787,412614656,3.4918
dual-slot,788,413138944,3.37525
dual-slot,789,413663232,3.398655
dual-slot,790,414187520,3.476114
dual-slot,791,414711808,3.37166
dual-slot,792,415236096,3.424456
dual-slot,793,415760384,3.406099
dual-slot,794,416284672,3.428998
dual-slot,795,416808960,3.450599
dual-slot,796,417333248,3.447433
dual-slot,797,417857536,3.451643
dual-slot,798,418381824,3.463739
dual-slot,799,418906112,3.496437
dual-slot,800,419430400,3.401576
dual-slot,801,419954688,3.398577
dual-slot,802,420478976,3.359718
dual-slot,803,421003264,3.411047
dual-slot,804,421527552,3.412388
dual-slot,805,422051840,3.370283
dual-slot,806,422576128,3.469903
dual-slot,807,423100416,3.388191
dual-slot,808,423624704,3.4686
dual-slot,809,424148992,3.510704
dual-slot,810,424673280,3.433815
dual-slot,811,425197568,3.394304
dual-slot,812,425721856,3.379606
dual-slot,813,426246144,3.52061
dual-slot,814,426770432,3.450023
dual-slot,815,427294720,3.478707
dual-slot,816,427819008,3.499244
dual-slot,817,428343296,3.466397
dual-slot,818,428867584,3.448039
dual-slot,819,429391872,3.299197
dual-slot,820,429916160,3.358433
dual-slot,821,430440448,3.313433
dual-slot,822,430964736,3.410222
dual-slot,823,431489024,3.469654
dual-slot,824,432013312,3.439356
dual-slot,825,432537600,3.429743
dual-slot,826,433061888,3.452019
dual-slot,827,433586176,3.469078
dual-slot,828,434110464,3.300204
dual-slot,829,434634752,3.43092
dual-slot,830,435159040,3.393876
dual-slot,831,435683328,3.366409
dual-slot,832,436207616,3.397716
dual-slot,833,436731904,3.397089
dual-slot,834,437256192,3.436671
dual-slot,835,437780480,3.489423
dual-slot,836,438304768,3.44821
dual-slot,837,438829056,3.420537
dual-slot,838,439353344,3.494337
dual-slot,839,439877632,3.410903
dual-slot,840,440401920,3.435723
dual-slot,841,440926208,3.344485
dual-slot,842,441450496,3.442011
dual-slot,843,441974784,3.406329
dual-slot,844,442499072,3.495891
dual-slot,845,443023360,3.369007
dual-slot,846,443547648,3.40305
dual-slot,847,444071936,3.478075
dual-slot,848,444596224,3.403962
dual-slot,849,445120512,3.467925
dual-slot,850,445644800,3.388578
dual-slot,851,446169088,3.337997
dual-slot,852,446693376,3.462312
dual-slot,853,447217664,3.406353
dual-slot,854,447741952,3.444514
dual-slot,855,448266240,3.427543
dual-slot,856,448790528,3.40029
dual-slot,857,449314816,3.438386
dual-slot,858,449839104,3.300827
dual-slot,859,450363392,3.287923
dual-slot,860,450887680,3.355762
dual-slot,861,451411968,3.343912
dual-slot,862,451936256,3.405771
dual-slot,863,452460544,3.498855
dual-slot,864,452984832,3.43416
dual-slot,865,453509120,3.370969
dual-slot,866,454033408,3.391134
dual-slot,867,454557696,3.417995
dual-slot,868,455081984,3.350367
dual-slot,869,455606272,3.303988
dual-slot,870,456130560,3.43911
dual-slot,871,456654848,3.312076
dual-slot,872,457179136,3.368924
dual-slot,873,457703424,3.400036
dual-slot,874,458227712,3.431625
dual-slot,875,458752000,3.318398
dual-slot,876,459276288,3.490431
dual-slot,877,459800576,3.405244
dual-slot,878,460324864,3.450204
dual-slot,879,460849152,3.360665
dual-slot,880,461373440,3.388621
dual-slot,881,461897728,3.305095
dual-slot,882,462422016,3.438221
dual-slot,883,462946304,3.374717
dual-slot,884,463470592,3.340801
dual-slot,885,463994880,3.365603
dual-slot,886,464519168,3.427418
dual-slot,887,465043456,3.347261
dual-slot,888,465567744,3.324857
dual-slot,889,466092032,3.389513
dual-slot,890,466616320,3.313786
dual-slot,891,467140608,3.387251
dual-slot,892,467664896,3.342511
dual-slot,893,468189184,3.362329
dual-slot,894,468713472,3.41713
dual-slot,895,469237760,3.375071
dual-slot,896,469762048,3.268776
dual-slot,897,470286336,3.384393
dual-slot,898,470810624,3.456517
dual-slot,899,471334912,3.377389
dual-slot,900,471859200,3.289874
dual-slot,901,472383488,3.39912
dual-slot,902,472907776,3.411331
dual-slot,903,473432064,3.385748
dual-slot,904,473956352,3.360092
dual-slot,905,474480640,3.491014
dual-slot,906,475004928,3.344275
dual-slot,907,475529216,3.313843
dual-slot,908,476053504,3.401067
dual-slot,909,476577792,3.443929
dual-slot,910,477102080,3.399304
dual-slot,911,477626368,3.39911
dual-slot,912,478150656,3.383212
dual-slot,913,478674944,3.315529
dual-slot,914,479199232,3.33622
dual-slot,915,479723520,3.33346
dual-slot,916,480247808,3.35411
dual-slot,917,480772096,3.364947
dual-slot,918,481296384,3.38313
dual-slot,919,481820672,3.372474
dual-slot,920,482344960,3.364203
dual-slot,921,482869248,3.385358
dual-slot,922,483393536,3.36469
dual-slot,923,483917824,3.404897
dual-slot,924,484442112,3.4403
dual-slot,925,484966400,3.347193
dual-slot,926,485490688,3.332644
dual-slot,927,486014976,3.411753
dual-slot,928,486539264,3.430883
dual-slot,929,487063552,3.481534
dual-slot,930,487587840,3.394416
dual-slot,931,488112128,3.387016
dual-slot,932,488636416,3.393321
dual-slot,933,489160704,3.342079
dual-slot,934,489684992,3.387241
dual-slot,935,490209280,3.359927
dual-slot,936,490733568,3.455984
dual-slot,937,491257856,3.448576
dual-slot,938,491782144,3.47682
dual-slot,939,492306432,3.426319
dual-slot,940,492830720,3.285959
dual-slot,941,493355008,3.298594
dual-slot,942,493879296,3.392829
dual-slot,943,494403584,3.384385
dual-slot,944,494927872,3.321883
dual-slot,945,495452160,3.366835
dual-slot,946,495976448,3.400568
dual-slot,947,496500736,3.309083
dual-slot,948,497025024,3.376373
dual-slot,949,497549312,3.280141
dual-slot,950,498073600,3.353955
dual-slot,951,498597888,3.378419
dual-slot,952,499122176,3.373538
dual-slot,953,499646464,3.272154
dual-slot,954,500170752,3.358453
dual-slot,955,500695040,3.34037
dual-slot,956,501219328,3.413575
dual-slot,957,501743616,3.362989
dual-slot,958,502267904,3.464957
dual-slot,959,502792192,3.325397
dual-slot,960,503316480,3.429792
dual-slot,961,503840768,3.356426
dual-slot,962,504365056,3.376101
dual-slot,963,504889344,3.457198
dual-slot,964,505413632,3.399147
dual-slot,965,505937920,3.391586
dual-slot,966,506462208,3.374586
dual-slot,967,506986496,3.389029
dual-slot,968,507510784,3.286727
dual-slot,969,508035072,3.300894
dual-slot,970,508559360,3.43396
dual-slot,971,509083648,3.339865
dual-slot,972,509607936,3.352385
dual-slot,973,510132224,3.338793
dual-slot,974,510656512,3.276385
dual-slot,975,511180800,3.392564
dual-slot,976,511705088,3.269391
dual-slot,977,512229376,3.363835
dual-slot,978,512753664,3.344662
dual-slot,979,513277952,3.349739
dual-slot,980,513802240,3.279734
dual-slot,981,514326528,3.311878
dual-slot,982,514850816,3.265934
dual-slot,983,515375104,3.353487
dual-slot,984,515899392,3.291068
dual-slot,985,516423680,3.317806
dual-slot,986,516947968,3.356056
dual-slot,987,517472256,3.437219
dual-slot,988,517996544,3.362445
dual-slot,989,518520832,3.488436
dual-slot,990,519045120,3.392337
dual-slot,991,519569408,3.319948
dual-slot,992,520093696,3.230136
dual-slot,993,520617984,3.420745
dual-slot,994,521142272,3.321365
dual-slot,995,521666560,3.310188
dual-slot,996,522190848,3.277537
dual-slot,997,522715136,3.329345
dual-slot,998,523239424,3.370307
dual-slot,999,523763712,3.391535
dual-slot,1000,524288000,3.400877
dual-slot,1001,524812288,3.390826
dual-slot,1002,525336576,3.334459
dual-slot,1003,525860864,3.296964
dual-slot,1004,526385152,3.337291
dual-slot,1005,526909440,3.373219
dual-slot,1006,527433728,3.220175
dual-slot,1007,527958016,3.363109
dual-slot,1008,528482304,3.456574
dual-slot,1009,529006592,3.359312
dual-slot,1010,529530880,3.308253
dual-slot,1011,530055168,3.334688
dual-slot,1012,530579456,3.341861
dual-slot,1013,531103744,3.270484
dual-slot,1014,531628032,3.317118
dual-slot,1015,532152320,3.351243
dual-slot,1016,532676608,3.3154
dual-slot,1017,533200896,3.348267
dual-slot,1018,533725184,3.263948
dual-slot,1019,534249472,3.229897
dual-slot,1020,534773760,3.352347
dual-slot,1021,535298048,3.328385
dual-slot,1022,535822336,3.223318
dual-slot,1023,536346624,3.448941
dual-slot,1024,536870912,3.304398
dual-slot,1025,537395200,3.292754
dual-slot,1026,537919488,3.325039
dual-slot,1027,538443776,3.366065
dual-slot,1028,538968064,3.304842
dual-slot,1029,539492352,3.394476
dual-slot,1030,540016640,3.345924
dual-slot,1031,540540928,3.342299
dual-slot,1032,541065216,3.349926
dual-slot,1033,541589504,3.348644
dual-slot,1034,542113792,3.323996
dual-slot,1035,542638080,3.309965
dual-slot,1036,543162368,3.292234
dual-slot,1037,543686656,3.382964
dual-slot,1038,544210944,3.298492
dual-slot,1039,544735232,3.379161
dual-slot,1040,545259520,3.263548
dual-slot,1041,545783808,3.347026
dual-slot,1042,546308096,3.272747
dual-slot,1043,546832384,3.331002
dual-slot,1044,547356672,3.320072
dual-slot,1045,547880960,3.240696
dual-slot,1046,548405248,3.424926
dual-slot,1047,548929536,3.254478
dual-slot,1048,549453824,3.404969
dual-slot,1049,549978112,3.288624
dual-slot,1050,550502400,3.433422
dual-slot,1051,551026688,3.317803
dual-slot,1052,551550976,3.381835
dual-slot,1053,552075264,3.326164
dual-slot,1054,552599552,3.39355
dual-slot,1055,553123840,3.344245
dual-slot,1056,553648128,3.3025
dual-slot,1057,554172416,3.289504
dual-slot,1058,554696704,3.277781
dual-slot,1059,555220992,3.240159
dual-slot,1060,555745280,3.315475
dual-slot,1061,556269568,3.309856
dual-slot,1062,556793856,3.28967
dual-slot,1063,557318144,3.339803
dual-slot,1064,557842432,3.398711
dual-slot,1065,558366720,3.298538
dual-slot,1066,558891008,3.317446
dual-slot,1067,559415296,3.390908
dual-slot,1068,559939584,3.276184
dual-slot,1069,560463872,3.336203
dual-slot,1070,560988160,3.25424
dual-slot,1071,561512448,3.308907
dual-slot,1072,562036736,3.293989
dual-slot,1073,562561024,3.312045
dual-slot,1074,563085312,3.37082
dual-slot,1075,563609600,3.28952
dual-slot,1076,564133888,3.391262
dual-slot,1077,564658176,3.270924
dual-slot,1078,565182464,3.255789
dual-slot,1079,565706752,3.351266
dual-slot,1080,566231040,3.320869
dual-slot,1081,566755328,3.294038
dual-slot,1082,567279616,3.266635
dual-slot,1083,567803904,3.390079
dual-slot,1084,568328192,3.26145
dual-slot,1085,568852480,3.198972
dual-slot,1086,569376768,3.341536
dual-slot,1087,569901056,3.212146
dual-slot,1088,570425344,3.317427
dual-slot,1089,570949632,3.332298
dual-slot,1090,571473920,3.363463
dual-slot,1091,571998208,3.376303
dual-slot,1092,572522496,3.320898
dual-slot,1093,573046784,3.382298
dual-slot,1094,573571072,3.241176
dual-slot,1095,574095360,3.310134
dual-slot,1096,574619648,3.322556
dual-slot,1097,575143936,3.209803
dual-slot,1098,575668224,3.419341
dual-slot,1099,576192512,3.391579
dual-slot,1100,576716800,3.299444
dual-slot,1101,577241088,3.375572
dual-slot,1102,577765376,3.364516
dual-slot,1103,578289664,3.293728
dual-slot,1104,578813952,3.302872
dual-slot,1105,579338240,3.202798
dual-slot,1106,579862528,3.261771
dual-slot,1107,580386816,3.235258
dual-slot,1108,580911104,3.342743
dual-slot,1109,581435392,3.377616
dual-slot,1110,581959680,3.319037
dual-slot,1111,582483968,3.383257
dual-slot,1112,583008256,3.356255
dual-slot,1113,583532544,3.33824
dual-slot,1114,584056832,3.3116
dual-slot,1115,584581120,3.315976
dual-slot,1116,585105408,3.36259
dual-slot,1117,585629696,3.373413
dual-slot,1118,586153984,3.214871
dual-slot,1119,586678272,3.252589
dual-slot,1120,587202560,3.368798
dual-slot,1121,587726848,3.417415
dual-slot,1122,588251136,3.222187
dual-slot,1123,588775424,3.289323
dual-slot,1124,589299712,3.369033
dual-slot,1125,589824000,3.347806
dual-slot,1126,590348288,3.299966
dual-slot,1127,590872576,3.376057
dual-slot,1128,591396864,3.304379
dual-slot,1129,591921152,3.241102
dual-slot,1130,592445440,3.254649
dual-slot,1131,592969728,3.199702
dual-slot,1132,593494016,3.342613
dual-slot,1133,594018304,3.241602
dual-slot,1134,594542592,3.313749
dual-slot,1135,595066880,3.361783
dual-slot,1136,595591168,3.304699
dual-slot,1137,596115456,3.3128
dual-slot,1138,596639744,3.359966
dual-slot,1139,597164032,3.344798
dual-slot,1140,597688320,3.34679
dual-slot,1141,598212608,3.282178
dual-slot,1142,598736896,3.302363
dual-slot,1143,599261184,3.358861
dual-slot,1144,599785472,3.347867
dual-slot,1145,600309760,3.2332
dual-slot,1146,600834048,3.392208
dual-slot,1147,601358336,3.364641
dual-slot,1148,601882624,3.212066
dual-slot,1149,602406912,3.305091
dual-slot,1150,602931200,3.240616
dual-slot,1151,603455488,3.26265
dual-slot,1152,603979776,3.353229
dual-slot,1153,604504064,3.306162
dual-slot,1154,605028352,3.328132
dual-slot,1155,605552640,3.255579
dual-slot,1156,606076928,3.238685
dual-slot,1157,606601216,3.272264
dual-slot,1158,607125504,3.247673
dual-slot,1159,607649792,3.264603
dual-slot,1160,608174080,3.253828
dual-slot,1161,608698368,3.196002
dual-slot,1162,609222656,3.352946
dual-slot,1163,609746944,3.195415
dual-slot,1164,610271232,3.308474
dual-slot,1165,610795520,3.242438
dual-slot,1166,611319808,3.367262
dual-slot,1167,611844096,3.345845
dual-slot,1168,612368384,3.301962
dual-slot,1169,612892672,3.328836
dual-slot,1170,613416960,3.269485
dual-slot,1171,613941248,3.237721
dual-slot,1172,614465536,3.299718
dual-slot,1173,614989824,3.128021
dual-slot,1174,615514112,3.362227
dual-slot,1175,616038400,3.254035
dual-slot,1176,616562688,3.28723
dual-slot,1177,617086976,3.224956
dual-slot,1178,617611264,3.297084
dual-slot,1179,618135552,3.285664
dual-slot,1180,618659840,3.255283
dual-slot,1181,619184128,3.330655
dual-slot,1182,619708416,3.316132
dual-slot,1183,620232704,3.26717
dual-slot,1184,620756992,3.243507
dual-slot,1185,621281280,3.422478
dual-slot,1186,621805568,3.289047
dual-slot,1187,622329856,3.32921
dual-slot,1188,622854144,3.303697
dual-slot,1189,623378432,3.324085
dual-slot,1190,623902720,3.27342
dual-slot,1191,624427008,3.248902
dual-slot,1192,624951296,3.277181
dual-slot,1193,625475584,3.271657
dual-slot,1194,625999872,3.237453
dual-slot,1195,626524160,3.305507
dual-slot,1196,627048448,3.283764
dual-slot,1197,627572736,3.355677
dual-slot,1198,628097024,3.205626
dual-slot,1199,628621312,3.366875
dual-slot,1200,629145600,3.231277
dual-slot,1201,629669888,3.273982
dual-slot,1202,630194176,3.234111
dual-slot,1203,630718464,3.20144
dual-slot,1204,631242752,3.254617
dual-slot,1205,631767040,3.216274
dual-slot,1206,632291328,3.236653
dual-slot,1207,632815616,3.256881
dual-slot,1208,633339904,3.236946
dual-slot,1209,633864192,3.255085
dual-slot,1210,634388480,3.377509
dual-slot,1211,634912768,3.141647
dual-slot,1212,635437056,3.307795
dual-slot,1213,635961344,3.341989
dual-slot,1214,636485632,3.26071
dual-slot,1215,637009920,3.213584
dual-slot,1216,637534208,3.367118
dual-slot,1217,638058496,3.274568
dual-slot,1218,638582784,3.275511
dual-slot,1219,639107072,3.303449
dual-slot,1220,639631360,3.313034
dual-slot,1221,640155648,3.27389
dual-slot,1222,640679936,3.263295
dual-slot,1223,641204224,3.336591
dual-slot,1224,641728512,3.176494
dual-slot,1225,642252800,3.24377
dual-slot,1226,642777088,3.328484
dual-slot,1227,643301376,3.293832
dual-slot,1228,643825664,3.345325
dual-slot,1229,644349952,3.296315
dual-slot,1230,644874240,3.309921
dual-slot,1231,645398528,3.274158
dual-slot,1232,645922816,3.257711
dual-slot,1233,646447104,3.288531
dual-slot,1234,646971392,3.251817
dual-slot,1235,647495680,3.289129
dual-slot,1236,648019968,3.309303
dual-slot,1237,648544256,3.261451
dual-slot,1238,649068544,3.250481
dual-slot,1239,649592832,3.252246
dual-slot,1240,650117120,3.292327
dual-slot,1241,650641408,3.250921
dual-slot,1242,651165696,3.278438
dual-slot,1243,651689984,3.234698
dual-slot,1244,652214272,3.247346
dual-slot,1245,652738560,3.222913
dual-slot,1246,653262848,3.274603
dual-slot,1247,653787136,3.189675
dual-slot,1248,654311424,3.328262
dual-slot,1249,654835712,3.238454
dual-slot,1250,655360000,3.27124
dual-slot,1251,655884288,3.285267
dual-slot,1252,656408576,3.161362
dual-slot,1253,656932864,3.294997
dual-slot,1254,657457152,3.320196
dual-slot,1255,657981440,3.320801
dual-slot,1256,658505728,3.216102
dual-slot,1257,659030016,3.213619
dual-slot,1258,659554304,3.210746
dual-slot,1259,660078592,3.258506
dual-slot,1260,660602880,3.258497
dual-slot,1261,661127168,3.218331
dual-slot,1262,661651456,3.242862
dual-slot,1263,662175744,3.275714
dual-slot,1264,662700032,3.325193
dual-slot,1265,663224320,3.248248
dual-slot,1266,663748608,3.264967
dual-slot,1267,664272896,3.162153
dual-slot,1268,664797184,3.294958
dual-slot,1269,665321472,3.287939
dual-slot,1270,665845760,3.367737
dual-slot,1271,666370048,3.224986
dual-slot,1272,666894336,3.246952
dual-slot,1273,667418624,3.381079
dual-slot,1274,667942912,3.230382
dual-slot,1275,668467200,3.22935
dual-slot,1276,668991488,3.161228
dual-slot,1277,669515776,3.283645
dual-slot,1278,670040064,3.300719
dual-slot,1279,670564352,3.28389
dual-slot,1280,671088640,3.240908
dual-slot,1281,671612928,3.17934
dual-slot,1282,672137216,3.198951
dual-slot,1283,672661504,3.247308
dual-slot,1284,673185792,3.287384
dual-slot,1285,673710080,3.238961
dual-slot,1286,674234368,3.222242
dual-slot,1287,674758656,3.327626
dual-slot,1288,675282944,3.161422
dual-slot,1289,675807232,3.277627
dual-slot,1290,676331520,3.223563
dual-slot,1291,676855808,3.221889
dual-slot,1292,677380096,3.195114
dual-slot,1293,677904384,3.246829
dual-slot,1294,678428672,3.137496
dual-slot,1295,678952960,3.233894
dual-slot,1296,679477248,3.260549
dual-slot,1297,680001536,3.23088
dual-slot,1298,680525824,3.264398
dual-slot,1299,681050112,3.285119
dual-slot,1300,681574400,3.193097
dual-slot,1301,682098688,3.236465
dual-slot,1302,682622976,3.302218
dual-slot,1303,683147264,3.254069
dual-slot,1304,683671552,3.260504
dual-slot,1305,684195840,3.224985
dual-slot,1306,684720128,3.268381
dual-slot,1307,685244416,3.225857
dual-slot,1308,685768704,3.255534
dual-slot,1309,686292992,3.265496
dual-slot,1310,686817280,3.303926
dual-slot,1311,687341568,3.158995
dual-slot,1312,687865856,3.140672
dual-slot,1313,688390144,3.203924
dual-slot,1314,688914432,3.275642
dual-slot,1315,689438720,3.141109
dual-slot,1316,689963008,3.222129
dual-slot,1317,690487296,3.288596
dual-slot,1318,691011584,3.198261
dual-slot,1319,691535872,3.216667
dual-slot,1320,692060160,3.249291
dual-slot,1321,692584448,3.227758
dual-slot,1322,693108736,3.287366
dual-slot,1323,693633024,3.164054
dual-slot,1324,694157312,3.176455
dual-slot,1325,694681600,3.16117
dual-slot,1326,695205888,3.227898
dual-slot,1327,695730176,3.266824
dual-slot,1328,696254464,3.257569
dual-slot,1329,696778752,3.190408
dual-slot,1330,697303040,3.257351
dual-slot,1331,697827328,3.19719
dual-slot,1332,698351616,3.201085
dual-slot,1333,698875904,3.232848
dual-slot,1334,699400192,3.28101
dual-slot,1335,699924480,3.241429
dual-slot,1336,700448768,3.247076
dual-slot,1337,700973056,3.212346
dual-slot,1338,701497344,3.300206
dual-slot,1339,702021632,3.171832
dual-slot,1340,702545920,3.300694
dual-slot,1341,703070208,3.275338
dual-slot,1342,703594496,3.302223
dual-slot,1343,704118784,3.275399
dual-slot,1344,704643072,3.166235
dual-slot,1345,705167360,3.220715
dual-slot,1346,705691648,3.207551
dual-slot,1347,706215936,3.249194
dual-slot,1348,706740224,3.19269
dual-slot,1349,707264512,3.172849
dual-slot,1350,707788800,3.265146
dual-slot,1351,708313088,3.292525
dual-slot,1352,708837376,3.229222
dual-slot,1353,709361664,3.255908
dual-slot,1354,709885952,3.271315
dual-slot,1355,710410240,3.245672
dual-slot,1356,710934528,3.178732
dual-slot,1357,711458816,3.222532
dual-slot,1358,711983104,3.212091
dual-slot,1359,712507392,3.232449
dual-slot,1360,713031680,3.277427
dual-slot,1361,713555968,3.290365
dual-slot,1362,714080256,3.303664
dual-slot,1363,714604544,3.145381
dual-slot,1364,715128832,3.264591
dual-slot,1365,715653120,3.263417
dual-slot,1366,716177408,3.286885
dual-slot,1367,716701696,3.237099
dual-slot,1368,717225984,3.190251
dual-slot,1369,717750272,3.268721
dual-slot,1370,718274560,3.211217
dual-slot,1371,718798848,3.066011
dual-slot,1372,719323136,3.215356
dual-slot,1373,719847424,3.137824
dual-slot,1374,720371712,3.133891
dual-slot,1375,720896000,3.106194
dual-slot,1376,721420288,3.201049
dual-slot,1377,721944576,3.19052
dual-slot,1378,722468864,3.292808
dual-slot,1379,722993152,3.220111
dual-slot,1380,723517440,3.279801
dual-slot,1381,724041728,3.286301
dual-slot,1382,724566016,3.205219
dual-slot,1383,725090304,3.291201
dual-slot,1384,725614592,3.22823
dual-slot,1385,726138880,3.140401
dual-slot,1386,726663168,3.260761
dual-slot,1387,727187456,3.209106
dual-slot,1388,727711744,3.202072
dual-slot,1389,728236032,3.264668
dual-slot,1390,728760320,3.25891
dual-slot,1391,729284608,3.292025
dual-slot,1392,729808896,3.24827
dual-slot,1393,730333184,3.287225
dual-slot,1394,730857472,3.237512
dual-slot,1395,731381760,3.21667
dual-slot,1396,731906048,3.217833
dual-slot,1397,732430336,3.218465
dual-slot,1398,732954624,3.353282
dual-slot,1399,733478912,3.11317
dual-slot,1400,734003200,3.28442
dual-slot,1401,734527488,3.284065
dual-slot,1402,735051776,3.296925
dual-slot,1403,735576064,3.107789
dual-slot,1404,736100352,3.085181
dual-slot,1405,736624640,3.180095
dual-slot,1406,737148928,3.282205
dual-slot,1407,737673216,3.211274
dual-slot,1408,738197504,3.286362
dual-slot,1409,738721792,3.183178
dual-slot,1410,739246080,3.206101
dual-slot,1411,739770368,3.301481
dual-slot,1412,740294656,3.229485
dual-slot,1413,740818944,3.236416
dual-slot,1414,741343232,3.211648
dual-slot,1415,741867520,3.163396
dual-slot,1416,742391808,3.274117
dual-slot,1417,742916096,3.234299
dual-slot,1418,743440384,3.127392
dual-slot,1419,743964672,3.20464
dual-slot,1420,744488960,3.234088
dual-slot,1421,745013248,3.243544
dual-slot,1422,745537536,3.162238
dual-slot,1423,746061824,3.207082
dual-slot,1424,746586112,3.313829
dual-slot,1425,747110400,3.207673
dual-slot,1426,747634688,3.19319
dual-slot,1427,748158976,3.351324
dual-slot,1428,748683264,3.219791
dual-slot,1429,749207552,3.214367
dual-slot,1430,749731840,3.23325
dual-slot,1431,750256128,3.195325
dual-slot,1432,750780416,3.125696
dual-slot,1433,751304704,3.172684
dual-slot,1434,751828992,3.154479
dual-slot,1435,752353280,3.158694
dual-slot,1436,752877568,3.187368
dual-slot,1437,753401856,3.236324
dual-slot,1438,753926144,3.212868
dual-slot,1439,754450432,3.179411
dual-slot,1440,754974720,3.111483
dual-slot,1441,755499008,3.206442
dual-slot,1442,756023296,3.116152
dual-slot,1443,756547584,3.32037
dual-slot,1444,757071872,3.19207
dual-slot,1445,757596160,3.241416
dual-slot,1446,758120448,3.222839
dual-slot,1447,758644736,3.268804
dual-slot,1448,759169024,3.135407
dual-slot,1449,759693312,3.231095
dual-slot,1450,760217600,3.28957
dual-slot,1451,760741888,3.135882
dual-slot,1452,761266176,3.20341
dual-slot,1453,761790464,3.176707
dual-slot,1454,762314752,3.174299
dual-slot,1455,762839040,3.282086
dual-slot,1456,763363328,3.157322
dual-slot,1457,763887616,3.188164
dual-slot,1458,764411904,3.183897
dual-slot,1459,764936192,3.215758
dual-slot,1460,765460480,3.213851
dual-slot,1461,765984768,3.235163
dual-slot,1462,766509056,3.249204
dual-slot,1463,767033344,3.187721
dual-slot,1464,767557632,3.257531
dual-slot,1465,768081920,3.176238
dual-slot,1466,768606208,3.171636
dual-slot,1467,769130496,3.305144
dual-slot,1468,769654784,3.228694
dual-slot,1469,770179072,3.216229
dual-slot,1470,770703360,3.239982
dual-slot,1471,771227648,3.192632
dual-slot,1472,771751936,3.132583
dual-slot,1473,772276224,3.231628
dual-slot,1474,772800512,3.209302
dual-slot,1475,773324800,3.237508
dual-slot,1476,773849088,3.151673
dual-slot,1477,774373376,3.218906
dual-slot,1478,774897664,3.27501
dual-slot,1479,775421952,3.204187
dual-slot,1480,775946240,3.165914
dual-slot,1481,776470528,3.223183
dual-slot,1482,776994816,3.208388
dual-slot,1483,777519104,3.213489
dual-slot,1484,778043392,3.220151
dual-slot,1485,778567680,3.190785
dual-slot,1486,779091968,3.138047
dual-slot,1487,779616256,3.232606
dual-slot,1488,780140544,3.260115
dual-slot,1489,780664832,3.180594
dual-slot,1490,781189120,3.185179
dual-slot,1491,781713408,3.212809
dual-slot,1492,782237696,3.130227
dual-slot,1493,782761984,3.237634
dual-slot,1494,783286272,3.175219
dual-slot,1495,783810560,3.088958
dual-slot,1496,784334848,3.15244
dual-slot,1497,784859136,3.171476
dual-slot,1498,785383424,3.173415
dual-slot,1499,785907712,3.141072
dual-slot,1500,786432000,3.117828
dual-slot,1501,786956288,3.2801
dual-slot,1502,787480576,3.183593
dual-slot,1503,788004864,3.217632
dual-slot,1504,788529152,3.166934
dual-slot,1505,789053440,3.13087
dual-slot,1506,789577728,3.264277
dual-slot,1507,790102016,3.20352
dual-slot,1508,790626304,3.106903
dual-slot,1509,791150592,3.231971
dual-slot,1510,791674880,3.262022
dual-slot,1511,792199168,3.290446
dual-slot,1512,792723456,3.093667
dual-slot,1513,793247744,3.260411
dual-slot,1514,793772032,3.207204
dual-slot,1515,794296320,3.195057
dual-slot,1516,794820608,3.236546
dual-slot,1517,795344896,3.133837
dual-slot,1518,795869184,3.13578
dual-slot,1519,796393472,3.198775
dual-slot,1520,796917760,3.26338
dual-slot,1521,797442048,3.166914
dual-slot,1522,797966336,3.269231
dual-slot,1523,798490624,3.326097
dual-slot,1524,799014912,3.169382
dual-slot,1525,799539200,3.201446
dual-slot,1526,800063488,3.179935
dual-slot,1527,800587776,3.27265
dual-slot,1528,801112064,3.089545
dual-slot,1529,801636352,3.213542
dual-slot,1530,802160640,3.213133
dual-slot,1531,802684928,3.214817
dual-slot,1532,803209216,3.178828
dual-slot,1533,803733504,3.209061
dual-slot,1534,804257792,3.176676
dual-slot,1535,804782080,3.213775
dual-slot,1536,805306368,3.152881
dual-slot,1537,805830656,3.23155
dual-slot,1538,806354944,3.19182
dual-slot,1539,806879232,3.1043
dual-slot,1540,807403520,3.153565
dual-slot,1541,807927808,3.184952
dual-slot,1542,808452096,3.091646
dual-slot,1543,808976384,3.237954
dual-slot,1544,809500672,3.24861
dual-slot,1545,810024960,3.193747
dual-slot,1546,810549248,3.10538
dual-slot,1547,811073536,3.103254
dual-slot,1548,811597824,3.202706
dual-slot,1549,812122112,3.224196
dual-slot,1550,812646400,3.268952
dual-slot,1551,813170688,3.24223
dual-slot,1552,813694976,3.189908
dual-slot,1553,814219264,3.21507
dual-slot,1554,814743552,3.17733
dual-slot,1555,815267840,3.212748
dual-slot,1556,815792128,3.129823
dual-slot,1557,816316416,3.181282
dual-slot,1558,816840704,3.185002
dual-slot,1559,817364992,3.284645
dual-slot,1560,817889280,3.206917
dual-slot,1561,818413568,3.18103
dual-slot,1562,818937856,3.090666
dual-slot,1563,819462144,3.138392
dual-slot,1564,819986432,3.10879
dual-slot,1565,820510720,3.244093
dual-slot,1566,821035008,3.169034
dual-slot,1567,821559296,3.1342
dual-slot,1568,822083584,3.160173
dual-slot,1569,822607872,3.14488
dual-slot,1570,823132160,3.20137
dual-slot,1571,823656448,3.24059
dual-slot,1572,824180736,3.231996
dual-slot,1573,824705024,3.170223
dual-slot,1574,825229312,3.15812
dual-slot,1575,825753600,3.167581
dual-slot,1576,826277888,3.187892
dual-slot,1577,826802176,3.118653
dual-slot,1578,827326464,3.239898
dual-slot,1579,827850752,3.098743
dual-slot,1580,828375040,3.183489
dual-slot,1581,828899328,3.192455
dual-slot,1582,829423616,3.23997
dual-slot,1583,829947904,3.135813
dual-slot,1584,830472192,3.148252
dual-slot,1585,830996480,3.1
dual-slot,1586,831520768,3.183361
dual-slot,1587,832045056,3.114388
dual-slot,1588,832569344,3.208733
dual-slot,1589,833093632,3.116523
dual-slot,1590,833617920,3.135621
dual-slot,1591,834142208,3.20524
dual-slot,1592,834666496,3.1406
dual-slot,1593,835190784,3.257229
dual-slot,1594,835715072,3.160636
dual-slot,1595,836239360,3.22099
dual-slot,1596,836763648,3.069215
dual-slot,1597,837287936,3.18026
dual-slot,1598,837812224,3.178305
dual-slot,1599,838336512,3.124819
dual-slot,1600,838860800,3.168092
dual-slot,1601,839385088,3.154071
dual-slot,1602,839909376,3.220121
dual-slot,1603,840433664,3.136477
dual-slot,1604,840957952,3.180367
dual-slot,1605,841482240,3.13743
dual-slot,1606,842006528,3.115862
dual-slot,1607,842530816,3.212589
dual-slot,1608,843055104,3.17786
dual-slot,1609,843579392,3.150525
dual-slot,1610,844103680,3.226966
dual-slot,1611,844627968,3.152351
dual-slot,1612,845152256,3.204435
dual-slot,1613,845676544,3.147225
dual-slot,1614,846200832,3.20809
dual-slot,1615,846725120,3.153178
dual-slot,1616,847249408,3.30914
dual-slot,1617,847773696,3.11837
dual-slot,1618,848297984,3.142596
dual-slot,1619,848822272,3.123666
dual-slot,1620,849346560,3.191046
dual-slot,1621,849870848,3.122799
dual-slot,1622,850395136,3.179918
dual-slot,1623,850919424,3.069744
dual-slot,1624,851443712,3.143063
dual-slot,1625,851968000,3.105362
dual-slot,1626,852492288,3.088455
dual-slot,1627,853016576,3.169061
dual-slot,1628,853540864,3.211665
dual-slot,1629,854065152,3.247674
dual-slot,1630,854589440,3.300786
dual-slot,1631,855113728,3.180403
dual-slot,1632,855638016,3.238384
dual-slot,1633,856162304,3.135437
dual-slot,1634,856686592,3.153537
dual-slot,1635,857210880,3.130977
dual-slot,1636,857735168,3.096529
dual-slot,1637,858259456,3.228088
dual-slot,1638,858783744,3.181053
dual-slot,1639,859308032,3.114986
dual-slot,1640,859832320,3.133175
dual-slot,1641,860356608,3.02165
dual-slot,1642,860880896,3.122982
dual-slot,1643,861405184,3.206213
dual-slot,1644,861929472,3.080246
dual-slot,1645,862453760,3.188191
dual-slot,1646,862978048,3.151009
dual-slot,1647,863502336,3.251278
dual-slot,1648,864026624,3.154884
dual-slot,1649,864550912,3.143918
dual-slot,1650,865075200,3.121916
dual-slot,1651,865599488,3.205904
dual-slot,1652,866123776,3.114544
dual-slot,1653,866648064,3.221224
dual-slot,1654,867172352,3.094394
dual-slot,1655,867696640,3.107947
dual-slot,1656,868220928,3.101852
dual-slot,1657,868745216,3.143574
dual-slot,1658,869269504,3.146276
dual-slot,1659,869793792,3.148989
dual-slot,1660,870318080,3.207373
dual-slot,1661,870842368,3.195977
dual-slot,1662,871366656,3.14038
dual-slot,1663,871890944,3.198672
dual-slot,1664,872415232,3.148617
dual-slot,1665,872939520,3.181682
dual-slot,1666,873463808,3.143102
dual-slot,1667,873988096,3.151223
dual-slot,1668,874512384,3.167953
dual-slot,1669,875036672,3.164992
dual-slot,1670,875560960,3.162523
dual-slot,1671,876085248,3.236853
dual-slot,1672,876609536,3.152186
dual-slot,1673,877133824,3.155163
dual-slot,1674,877658112,3.139793
dual-slot,1675,878182400,3.260233
dual-slot,1676,878706688,3.062027
dual-slot,1677,879230976,3.138401
dual-slot,1678,879755264,3.158468
dual-slot,1679,880279552,3.183265
dual-slot,1680,880803840,3.203581
dual-slot,1681,881328128,3.192059
dual-slot,1682,881852416,3.157876
dual-slot,1683,882376704,3.144248
dual-slot,1684,882900992,3.198177
dual-slot,1685,883425280,3.2288
dual-slot,1686,883949568,3.215783
dual-slot,1687,884473856,3.210338
dual-slot,1688,884998144,3.131516
dual-slot,1689,885522432,3.073422
dual-slot,1690,886046720,3.147019
dual-slot,1691,886571008,3.12575
dual-slot,1692,887095296,3.135353
dual-slot,1693,887619584,3.163114
dual-slot,1694,888143872,3.181765
dual-slot,1695,888668160,3.055248
dual-slot,1696,889192448,3.179882
dual-slot,1697,889716736,3.186611
dual-slot,1698,890241024,3.171495
dual-slot,1699,890765312,3.197412
dual-slot,1700,891289600,3.210111
dual-slot,1701,891813888,3.202349
dual-slot,1702,892338176,3.132306
dual-slot,1703,892862464,3.210405
dual-slot,1704,893386752,3.16707
dual-slot,1705,893911040,3.191158
dual-slot,1706,894435328,3.173008
dual-slot,1707,894959616,3.046776
dual-slot,1708,895483904,3.195637
dual-slot,1709,896008192,3.054015
dual-slot,1710,896532480,3.044096
dual-slot,1711,897056768,3.114061
dual-slot,1712,897581056,3.160786
dual-slot,1713,898105344,3.211326
dual-slot,1714,898629632,3.143828
dual-slot,1715,899153920,3.097317
dual-slot,1716,899678208,3.115367
dual-slot,1717,900202496,3.145896
dual-slot,1718,900726784,3.19598
dual-slot,1719,901251072,3.193429
dual-slot,1720,901775360,3.223338
dual-slot,1721,902299648,3.204372
dual-slot,1722,902823936,3.173028
dual-slot,1723,903348224,3.190402
dual-slot,1724,903872512,3.064521
dual-slot,1725,904396800,3.106565
dual-slot,1726,904921088,3.175641
dual-slot,1727,905445376,3.114178
dual-slot,1728,905969664,3.195256
dual-slot,1729,906493952,3.121527
dual-slot,1730,907018240,3.099224
dual-slot,1731,907542528,3.26419
dual-slot,1732,908066816,3.153844
dual-slot,1733,908591104,3.069308
dual-slot,1734,909115392,3.178369
dual-slot,1735,909639680,3.246752
dual-slot,1736,910163968,3.116499
dual-slot,1737,910688256,3.141265
dual-slot,1738,911212544,3.058648
dual-slot,1739,911736832,3.092888
dual-slot,1740,912261120,3.151537
dual-slot,1741,912785408,3.154634
dual-slot,1742,913309696,3.056685
dual-slot,1743,913833984,3.162747
dual-slot,1744,914358272,3.229636
dual-slot,1745,914882560,3.195355
dual-slot,1746,915406848,3.200992
dual-slot,1747,915931136,3.136962
dual-slot,1748,916455424,3.115776
dual-slot,1749,916979712,3.198203
dual-slot,1750,917504000,3.172383
dual-slot,1751,918028288,3.155236
dual-slot,1752,918552576,3.054802
dual-slot,1753,919076864,3.218424
dual-slot,1754,919601152,3.101379
dual-slot,1755,920125440,3.169844
dual-slot,1756,920649728,2.993051
dual-slot,1757,921174016,3.014888
dual-slot,1758,921698304,3.153602
dual-slot,1759,922222592,3.165237
dual-slot,1760,922746880,3.165234
dual-slot,1761,923271168,3.076753
dual-slot,1762,923795456,3.101801
dual-slot,1763,924319744,3.098322
dual-slot,1764,924844032,3.137744
dual-slot,1765,925368320,3.130375
dual-slot,1766,925892608,3.178204
dual-slot,1767,926416896,3.13245
dual-slot,1768,926941184,3.084537
dual-slot,1769,927465472,3.12945
dual-slot,1770,927989760,3.076094
dual-slot,1771,928514048,3.121354
dual-slot,1772,929038336,3.040757
dual-slot,1773,929562624,3.149084
dual-slot,1774,930086912,3.183949
dual-slot,1775,930611200,3.225511
dual-slot,1776,931135488,3.23921
dual-slot,1777,931659776,3.18494
dual-slot,1778,932184064,3.113899
dual-slot,1779,932708352,3.166245
dual-slot,1780,933232640,3.197009
dual-slot,1781,933756928,3.098821
dual-slot,1782,934281216,3.122304
dual-slot,1783,934805504,3.160983
dual-slot,1784,935329792,3.175084
dual-slot,1785,935854080,3.152957
dual-slot,1786,936378368,3.18968
dual-slot,1787,936902656,3.240751
dual-slot,1788,937426944,3.115155
dual-slot,1789,937951232,3.162034
dual-slot,1790,938475520,3.189344
dual-slot,1791,938999808,3.247493
dual-slot,1792,939524096,3.166024
dual-slot,1793,940048384,3.125246
dual-slot,1794,940572672,3.178314
dual-slot,1795,941096960,3.091062
dual-slot,1796,941621248,3.187051
dual-slot,1797,942145536,3.06197
dual-slot,1798,942669824,3.124316
dual-slot,1799,943194112,3.166133
dual-slot,1800,943718400,3.155665
dual-slot,1801,944242688,3.096852
dual-slot,1802,944766976,3.159624
dual-slot,1803,945291264,3.13169
dual-slot,1804,945815552,3.210094
dual-slot,1805,946339840,3.122442
dual-slot,1806,946864128,3.115937
dual-slot,1807,947388416,3.192154
dual-slot,1808,947912704,3.12229
dual-slot,1809,948436992,3.166664
dual-slot,1810,948961280,3.164653
dual-slot,1811,949485568,3.172557
dual-slot,1812,950009856,3.096957
dual-slot,1813,950534144,3.149786
dual-slot,1814,951058432,3.093953
dual-slot,1815,951582720,3.232355
dual-slot,1816,952107008,3.147354
dual-slot,1817,952631296,3.151252
dual-slot,1818,953155584,3.140057
dual-slot,1819,953679872,3.176649
dual-slot,1820,954204160,3.104501
dual-slot,1821,954728448,3.063625
dual-slot,1822,955252736,3.09891
dual-slot,1823,955777024,3.166206
dual-slot,1824,956301312,3.227603
dual-slot,1825,956825600,3.115478
dual-slot,1826,957349888,3.122044
dual-slot,1827,957874176,3.137624
dual-slot,1828,958398464,3.174395
dual-slot,1829,958922752,3.017958
dual-slot,1830,959447040,3.176748
dual-slot,1831,959971328,3.233088
dual-slot,1832,960495616,3.140108
dual-slot,1833,961019904,3.133974
dual-slot,1834,961544192,3.083175
dual-slot,1835,962068480,3.08455
dual-slot,1836,962592768,3.171287
dual-slot,1837,963117056,3.172884
dual-slot,1838,963641344,3.191422
dual-slot,1839,964165632,3.104867
dual-slot,1840,964689920,3.034365
dual-slot,1841,965214208,3.161855
dual-slot,1842,965738496,3.025468
dual-slot,1843,966262784,3.106207
dual-slot,1844,966787072,3.049218
dual-slot,1845,967311360,3.117757
dual-slot,1846,967835648,3.142275
dual-slot,1847,968359936,3.19783
dual-slot,1848,968884224,3.157447
dual-slot,1849,969408512,3.092251
dual-slot,1850,969932800,3.107504
dual-slot,1851,970457088,3.187352
dual-slot,1852,970981376,3.112276
dual-slot,1853,971505664,3.052413
dual-slot,1854,972029952,3.128322
dual-slot,1855,972554240,3.083169
dual-slot,1856,973078528,3.163514
dual-slot,1857,973602816,3.115057
dual-slot,1858,974127104,3.07426
dual-slot,1859,974651392,3.137179
dual-slot,1860,975175680,3.175287
dual-slot,1861,975699968,3.151391
dual-slot,1862,976224256,3.108063
dual-slot,1863,976748544,3.157666
dual-slot,1864,977272832,3.168503
dual-slot,1865,977797120,3.089906
dual-slot,1866,978321408,3.099861
dual-slot,1867,978845696,3.156255
dual-slot,1868,979369984,3.158445
dual-slot,1869,979894272,3.233338
dual-slot,1870,980418560,3.102112
dual-slot,1871,980942848,3.118242
dual-slot,1872,981467136,3.122217
dual-slot,1873,981991424,3.116308
dual-slot,1874,982515712,2.980504
dual-slot,1875,983040000,3.126916
dual-slot,1876,983564288,3.096572
dual-slot,1877,984088576,3.165163
dual-slot,1878,984612864,3.059668
dual-slot,1879,985137152,3.131364
dual-slot,1880,985661440,3.132108
dual-slot,1881,986185728,3.050967
dual-slot,1882,986710016,3.063228
dual-slot,1883,987234304,3.196905
dual-slot,1884,987758592,3.037885
dual-slot,1885,988282880,3.053501
dual-slot,1886,988807168,3.18717
dual-slot,1887,989331456,3.133857
dual-slot,1888,989855744,3.129075
dual-slot,1889,990380032,3.189393
dual-slot,1890,990904320,3.1078
dual-slot,1891,991428608,3.183458
dual-slot,1892,991952896,3.032576
dual-slot,1893,992477184,3.108523
dual-slot,1894,993001472,3.109535
dual-slot,1895,993525760,3.035777
dual-slot,1896,994050048,3.149442
dual-slot,1897,994574336,3.115414
dual-slot,1898,995098624,3.031643
dual-slot,1899,995622912,3.05568
dual-slot,1900,996147200,3.129417
dual-slot,1901,996671488,3.100845
dual-slot,1902,997195776,3.153521
dual-slot,1903,997720064,3.046619
dual-slot,1904,998244352,3.13082
dual-slot,1905,998768640,3.181359
dual-slot,1906,999292928,3.142412
dual-slot,1907,999817216,3.149846
dual-slot,1908,1000341504,3.122028
dual-slot,1909,1000865792,3.062714
dual-slot,1910,1001390080,3.098476
dual-slot,1911,1001914368,3.040385
dual-slot,1912,1002438656,3.107235
dual-slot,1913,1002962944,3.127583
dual-slot,1914,1003487232,3.098071
dual-slot,1915,1004011520,3.085616
dual-slot,1916,1004535808,3.182935
dual-slot,1917,1005060096,3.115008
dual-slot,1918,1005584384,3.049682
dual-slot,1919,1006108672,3.098114
dual-slot,1920,1006632960,3.109794
dual-slot,1921,1007157248,3.131504
dual-slot,1922,1007681536,3.042343
dual-slot,1923,1008205824,3.182893
dual-slot,1924,1008730112,3.157539
dual-slot,1925,1009254400,3.158622
dual-slot,1926,1009778688,3.091873
dual-slot,1927,1010302976,3.101821
dual-slot,1928,1010827264,3.139099
dual-slot,1929,1011351552,3.085133
dual-slot,1930,1011875840,3.161475
dual-slot,1931,1012400128,3.191782
dual-slot,1932,1012924416,3.141006
dual-slot,1933,1013448704,3.183295
dual-slot,1934,1013972992,3.113585
dual-slot,1935,1014497280,3.108875
dual-slot,1936,1015021568,3.085714
dual-slot,1937,1015545856,3.159261
dual-slot,1938,1016070144,3.202774
dual-slot,1939,1016594432,3.123923
dual-slot,1940,1017118720,3.046152
dual-slot,1941,1017643008,3.091035
dual-slot,1942,1018167296,3.1207
dual-slot,1943,1018691584,3.107682
dual-slot,1944,1019215872,3.175656
dual-slot,1945,1019740160,3.079237
dual-slot,1946,1020264448,3.031118
dual-slot,1947,1020788736,3.191554
dual-slot,1948,1021313024,3.113857
dual-slot,1949,1021837312,3.127764
dual-slot,1950,1022361600,3.081586
dual-slot,1951,1022885888,3.044634
dual-slot,1952,1023410176,3.193398
dual-slot,1953,1023934464,3.160729
dual-slot,1954,1024458752,3.194086
dual-slot,1955,1024983040,3.033935
dual-slot,1956,1025507328,3.134018
dual-slot,1957,1026031616,3.130556
dual-slot,1958,1026555904,3.159311
dual-slot,1959,1027080192,3.044599
dual-slot,1960,1027604480,3.074155
dual-slot,1961,1028128768,3.164691
dual-slot,1962,1028653056,3.048377
dual-slot,1963,1029177344,3.129581
dual-slot,1964,1029701632,3.10667
dual-slot,1965,1030225920,3.032137
dual-slot,1966,1030750208,3.203928
dual-slot,1967,1031274496,3.06101
dual-slot,1968,1031798784,3.131686
dual-slot,1969,1032323072,3.092533
dual-slot,1970,1032847360,3.139976
dual-slot,1971,1033371648,3.08633
dual-slot,1972,1033895936,3.068405
dual-slot,1973,1034420224,3.15704
dual-slot,1974,1034944512,3.119157
dual-slot,1975,1035468800,3.127378
dual-slot,1976,1035993088,3.050395
dual-slot,1977,1036517376,2.994428
dual-slot,1978,1037041664,3.079576
dual-slot,1979,1037565952,3.054018
dual-slot,1980,1038090240,3.04072
dual-slot,1981,1038614528,3.111249
dual-slot,1982,1039138816,3.162958
dual-slot,1983,1039663104,3.154943
dual-slot,1984,1040187392,3.078995
dual-slot,1985,1040711680,3.098919
dual-slot,1986,1041235968,3.093716
dual-slot,1987,1041760256,3.079219
dual-slot,1988,1042284544,2.996747
dual-slot,1989,1042808832,3.048916
dual-slot,1990,1043333120,3.097057
dual-slot,1991,1043857408,3.203501
dual-slot,1992,1044381696,3.18243
dual-slot,1993,1044905984,3.124908
dual-slot,1994,1045430272,3.086132
dual-slot,1995,1045954560,3.081761
dual-slot,1996,1046478848,3.15601
dual-slot,1997,1047003136,3.071212
dual-slot,1998,1047527424,3.084327
dual-slot,1999,1048051712,3.15782
dual-slot,2000,1048576000,3.163459
dual-slot,2001,1049100288,3.184523
dual-slot,2002,1049624576,3.011353
dual-slot,2003,1050148864,3.126848
dual-slot,2004,1050673152,3.138052
dual-slot,2005,1051197440,3.12631
dual-slot,2006,1051721728,3.249109
dual-slot,2007,1052246016,3.091763
dual-slot,2008,1052770304,3.11482
dual-slot,2009,1053294592,3.135645
dual-slot,2010,1053818880,3.146294
dual-slot,2011,1054343168,3.170487
dual-slot,2012,1054867456,3.063973
dual-slot,2013,1055391744,3.053118
dual-slot,2014,1055916032,3.180728
dual-slot,2015,1056440320,3.082357
dual-slot,2016,1056964608,3.008959
dual-slot,2017,1057488896,3.051618
dual-slot,2018,1058013184,3.141874
dual-slot,2019,1058537472,3.073086
dual-slot,2020,1059061760,3.102938
dual-slot,2021,1059586048,3.049918
dual-slot,2022,1060110336,3.050359
dual-slot,2023,1060634624,3.088888
dual-slot,2024,1061158912,3.070147
dual-slot,2025,1061683200,3.056989
dual-slot,2026,1062207488,3.075912
dual-slot,2027,1062731776,3.119314
dual-slot,2028,1063256064,3.153768
dual-slot,2029,1063780352,3.169175
dual-slot,2030,1064304640,3.079392
dual-slot,2031,1064828928,3.061845
dual-slot,2032,1065353216,3.131058
dual-slot,2033,1065877504,3.10703
dual-slot,2034,1066401792,3.087619
dual-slot,2035,1066926080,3.17103
dual-slot,2036,1067450368,3.15661
dual-slot,2037,1067974656,3.134053
dual-slot,2038,1068498944,3.10763
dual-slot,2039,1069023232,3.123945
dual-slot,2040,1069547520,3.046764
dual-slot,2041,1070071808,3.123456
dual-slot,2042,1070596096,3.112269
dual-slot,2043,1071120384,3.109042
dual-slot,2044,1071644672,3.079591
dual-slot,2045,1072168960,3.138862
dual-slot,2046,1072693248,3.124008
dual-slot,2047,1073217536,3.097948
dual-slot,2048,1073741824,3.103644
dual-slot,2049,1074266112,3.048715
dual-slot,2050,1074790400,3.062723
dual-slot,2051,1075314688,3.090039
dual-slot,2052,1075838976,3.134356
dual-slot,2053,1076363264,3.076661
dual-slot,2054,1076887552,3.112748
dual-slot,2055,1077411840,3.114982
dual-slot,2056,1077936128,3.20491
dual-slot,2057,1078460416,3.128621
dual-slot,2058,1078984704,3.132391
dual-slot,2059,1079508992,3.05944
dual-slot,2060,1080033280,3.093123
dual-slot,2061,1080557568,3.13795
dual-slot,2062,1081081856,3.150712
dual-slot,2063,1081606144,3.042861
dual-slot,2064,1082130432,3.072922
dual-slot,2065,1082654720,3.188064
dual-slot,2066,1083179008,3.042241
dual-slot,2067,1083703296,3.111076
dual-slot,2068,1084227584,3.080488
dual-slot,2069,1084751872,2.993471
dual-slot,2070,1085276160,3.151262
dual-slot,2071,1085800448,3.117469
dual-slot,2072,1086324736,3.167976
dual-slot,2073,1086849024,3.084764
dual-slot,2074,1087373312,3.152164
dual-slot,2075,1087897600,3.114712
dual-slot,2076,1088421888,3.046593
dual-slot,2077,1088946176,3.190059
dual-slot,2078,1089470464,3.045406
dual-slot,2079,1089994752,3.117034
dual-slot,2080,1090519040,3.07038
dual-slot,2081,1091043328,3.15831
dual-slot,2082,1091567616,3.119414
dual-slot,2083,1092091904,3.103642
dual-slot,2084,1092616192,3.034084
dual-slot,2085,1093140480,3.040491
dual-slot,2086,1093664768,3.065405
dual-slot,2087,1094189056,3.103333
dual-slot,2088,1094713344,3.139573
dual-slot,2089,1095237632,3.04817
dual-slot,2090,1095761920,3.040467
dual-slot,2091,1096286208,3.045489
dual-slot,2092,1096810496,3.008654
dual-slot,2093,1097334784,3.064041
dual-slot,2094,1097859072,3.029313
dual-slot,2095,1098383360,3.019
dual-slot,2096,1098907648,3.05647
dual-slot,2097,1099431936,3.04457
dual-slot,2098,1099956224,3.012641
dual-slot,2099,1100480512,3.078493
dual-slot,2100,1101004800,3.194189
dual-slot,2101,1101529088,3.146891
dual-slot,2102,1102053376,3.093873
dual-slot,2103,1102577664,3.100217
dual-slot,2104,1103101952,3.055662
dual-slot,2105,1103626240,3.082637
dual-slot,2106,1104150528,2.978263
dual-slot,2107,1104674816,3.038484
dual-slot,2108,1105199104,2.999543
dual-slot,2109,1105723392,2.974465
dual-slot,2110,1106247680,3.211172
dual-slot,2111,1106771968,3.060133
dual-slot,2112,1107296256,3.077775
dual-slot,2113,1107820544,3.133214
dual-slot,2114,1108344832,3.084792
dual-slot,2115,1108869120,3.140045
dual-slot,2116,1109393408,3.035343
dual-slot,2117,1109917696,3.022294
dual-slot,2118,1110441984,3.064714
dual-slot,2119,1110966272,3.044763
dual-slot,2120,1111490560,3.100085
dual-slot,2121,1112014848,3.120877
dual-slot,2122,1112539136,3.114603
dual-slot,2123,1113063424,3.049741
dual-slot,2124,1113587712,3.177332
dual-slot,2125,1114112000,3.109385
dual-slot,2126,1114636288,3.152338
dual-slot,2127,1115160576,3.068353
dual-slot,2128,1115684864,3.089645
dual-slot,2129,1116209152,3.009723
dual-slot,2130,1116733440,3.053892
dual-slot,2131,1117257728,3.085308
dual-slot,2132,1117782016,3.035257
dual-slot,2133,1118306304,3.11317
dual-slot,2134,1118830592,3.023496
dual-slot,2135,1119354880,3.206756
dual-slot,2136,1119879168,3.140015
dual-slot,2137,1120403456,2.967036
dual-slot,2138,1120927744,3.102429
dual-slot,2139,1121452032,3.020607
dual-slot,2140,1121976320,3.108851
dual-slot,2141,1122500608,3.043987
dual-slot,2142,1123024896,3.087404
dual-slot,2143,1123549184,3.117911
dual-slot,2144,1124073472,3.089763
dual-slot,2145,1124597760,3.048026
dual-slot,2146,1125122048,3.098011
dual-slot,2147,1125646336,3.134091
dual-slot,2148,1126170624,3.094167
dual-slot,2149,1126694912,3.174582
dual-slot,2150,1127219200,3.078846
dual-slot,2151,1127743488,3.05729
dual-slot,2152,1128267776,3.044107
dual-slot,2153,1128792064,3.00843
dual-slot,2154,1129316352,3.152138
dual-slot,2155,1129840640,3.187209
dual-slot,2156,1130364928,3.121985
dual-slot,2157,1130889216,3.100786
dual-slot,2158,1131413504,3.137013
dual-slot,2159,1131937792,3.115625
dual-slot,2160,1132462080,3.029326
dual-slot,2161,1132986368,3.072043
dual-slot,2162,1133510656,3.072749
dual-slot,2163,1134034944,3.049294
dual-slot,2164,1134559232,3.174742
dual-slot,2165,1135083520,3.025598
dual-slot,2166,1135607808,3.106224
dual-slot,2167,1136132096,3.073443
dual-slot,2168,1136656384,3.143382
dual-slot,2169,1137180672,3.02634
dual-slot,2170,1137704960,2.942787
dual-slot,2171,1138229248,3.139568
dual-slot,2172,1138753536,3.043261
dual-slot,2173,1139277824,3.102284
dual-slot,2174,1139802112,3.165239
dual-slot,2175,1140326400,3.01133
dual-slot,2176,1140850688,3.031107
dual-slot,2177,1141374976,3.037726
dual-slot,2178,1141899264,3.109276
dual-slot,2179,1142423552,3.130134
dual-slot,2180,1142947840,3.088954
dual-slot,2181,1143472128,3.074597
dual-slot,2182,1143996416,3.051034
dual-slot,2183,1144520704,3.062696
dual-slot,2184,1145044992,3.201085
dual-slot,2185,1145569280,3.124285
dual-slot,2186,1146093568,3.107379
dual-slot,2187,1146617856,3.05219
dual-slot,2188,1147142144,3.092119
dual-slot,2189,1147666432,3.108448
dual-slot,2190,1148190720,3.081924
dual-slot,2191,1148715008,3.021985
dual-slot,2192,1149239296,3.048933
dual-slot,2193,1149763584,3.00343
dual-slot,2194,1150287872,3.106062
dual-slot,2195,1150812160,3.10116
dual-slot,2196,1151336448,3.078232
dual-slot,2197,1151860736,3.058829
dual-slot,2198,1152385024,3.042127
dual-slot,2199,1152909312,3.095805
dual-slot,2200,1153433600,2.995813
dual-slot,2201,1153957888,3.086442
dual-slot,2202,1154482176,3.106617
dual-slot,2203,1155006464,3.050494
dual-slot,2204,1155530752,2.923773
dual-slot,2205,1156055040,3.086245
dual-slot,2206,1156579328,3.13463
dual-slot,2207,1157103616,3.086075
dual-slot,2208,1157627904,3.125301
dual-slot,2209,1158152192,3.180322
dual-slot,2210,1158676480,3.07804
dual-slot,2211,1159200768,3.103947
dual-slot,2212,1159725056,3.092919
dual-slot,2213,1160249344,3.108383
dual-slot,2214,1160773632,2.987962
dual-slot,2215,1161297920,3.11013
dual-slot,2216,1161822208,3.067579
dual-slot,2217,1162346496,3.046054
dual-slot,2218,1162870784,3.053939
dual-slot,2219,1163395072,3.063986
dual-slot,2220,1163919360,3.08938
dual-slot,2221,1164443648,3.025873
dual-slot,2222,1164967936,3.024794
dual-slot,2223,1165492224,3.01888
dual-slot,2224,1166016512,3.084276
dual-slot,2225,1166540800,3.103417
dual-slot,2226,1167065088,3.041392
dual-slot,2227,1167589376,3.137173
dual-slot,2228,1168113664,3.047839
dual-slot,2229,1168637952,3.105001
dual-slot,2230,1169162240,3.035464
dual-slot,2231,1169686528,2.985768
dual-slot,2232,1170210816,3.042588
dual-slot,2233,1170735104,3.121376
dual-slot,2234,1171259392,3.153716
dual-slot,2235,1171783680,2.99443
dual-slot,2236,1172307968,3.138016
dual-slot,2237,1172832256,3.045618
dual-slot,2238,1173356544,3.058122
dual-slot,2239,1173880832,2.993732
dual-slot,2240,1174405120,3.118858
dual-slot,2241,1174929408,3.070082
dual-slot,2242,1175453696,2.990135
dual-slot,2243,1175977984,3.012363
dual-slot,2244,1176502272,3.045558
dual-slot,2245,1177026560,3.10447
dual-slot,2246,1177550848,3.106968
dual-slot,2247,1178075136,3.07022
dual-slot,2248,1178599424,3.141623
dual-slot,2249,1179123712,2.983756
dual-slot,2250,1179648000,3.110526
dual-slot,2251,1180172288,3.048035
dual-slot,2252,1180696576,3.18688
dual-slot,2253,1181220864,3.090838
dual-slot,2254,1181745152,3.088443
dual-slot,2255,1182269440,3.035653
dual-slot,2256,1182793728,3.088724
dual-slot,2257,1183318016,2.985481
dual-slot,2258,1183842304,3.070569
dual-slot,2259,1184366592,3.084974
dual-slot,2260,1184890880,3.050339
dual-slot,2261,1185415168,3.108474
dual-slot,2262,1185939456,3.135677
dual-slot,2263,1186463744,3.031188
dual-slot,2264,1186988032,3.008448
dual-slot,2265,1187512320,3.14383
dual-slot,2266,1188036608,3.004793
dual-slot,2267,1188560896,3.174172
dual-slot,2268,1189085184,3.086742
dual-slot,2269,1189609472,3.001848
dual-slot,2270,1190133760,3.082425
dual-slot,2271,1190658048,2.975655
dual-slot,2272,1191182336,3.012922
dual-slot,2273,1191706624,3.07072
dual-slot,2274,1192230912,3.00966
dual-slot,2275,1192755200,3.052961
dual-slot,2276,1193279488,3.056
dual-slot,2277,1193803776,3.026445
dual-slot,2278,1194328064,3.049993
dual-slot,2279,1194852352,3.091213
dual-slot,2280,1195376640,3.092656
dual-slot,2281,1195900928,2.964352
dual-slot,2282,1196425216,3.07559
dual-slot,2283,1196949504,2.965652
dual-slot,2284,1197473792,3.068114
dual-slot,2285,1197998080,3.088143
dual-slot,2286,1198522368,3.095457
dual-slot,2287,1199046656,3.098873
dual-slot,2288,1199570944,3.069442
dual-slot,2289,1200095232,3.097681
dual-slot,2290,1200619520,3.074271
dual-slot,2291,1201143808,3.041777
dual-slot,2292,1201668096,3.105621
dual-slot,2293,1202192384,3.043174
dual-slot,2294,1202716672,3.028238
dual-slot,2295,1203240960,3.012064
dual-slot,2296,1203765248,3.070267
dual-slot,2297,1204289536,3.051212
dual-slot,2298,1204813824,2.965104
dual-slot,2299,1205338112,3.046245
dual-slot,2300,1205862400,3.070289
dual-slot,2301,1206386688,3.056365
dual-slot,2302,1206910976,3.068197
dual-slot,2303,1207435264,3.065442
dual-slot,2304,1207959552,3.08547
dual-slot,2305,1208483840,3.023661
dual-slot,2306,1209008128,3.043978
dual-slot,2307,1209532416,3.000293
dual-slot,2308,1210056704,3.013005
dual-slot,2309,1210580992,3.043886
dual-slot,2310,1211105280,3.005131
dual-slot,2311,1211629568,3.123355
dual-slot,2312,1212153856,3.129491
dual-slot,2313,1212678144,3.099828
dual-slot,2314,1213202432,3.121377
dual-slot,2315,1213726720,3.071791
dual-slot,2316,1214251008,3.10658
dual-slot,2317,1214775296,3.020048
dual-slot,2318,1215299584,3.11306
dual-slot,2319,1215823872,3.069731
dual-slot,2320,1216348160,3.021983
dual-slot,2321,1216872448,3.034717
dual-slot,2322,1217396736,3.061247
dual-slot,2323,1217921024,3.020983
dual-slot,2324,1218445312,3.022887
dual-slot,2325,1218969600,3.100456
dual-slot,2326,1219493888,3.010875
dual-slot,2327,1220018176,3.0308
dual-slot,2328,1220542464,3.065776
dual-slot,2329,1221066752,3.130026
dual-slot,2330,1221591040,3.039615
dual-slot,2331,1222115328,3.085621
dual-slot,2332,1222639616,2.987012
dual-slot,2333,1223163904,3.035356
dual-slot,2334,1223688192,3.036814
dual-slot,2335,1224212480,2.9998
dual-slot,2336,1224736768,3.098111
dual-slot,2337,1225261056,3.042855
dual-slot,2338,1225785344,3.04499
dual-slot,2339,1226309632,3.028382
dual-slot,2340,1226833920,3.029628
dual-slot,2341,1227358208,3.071125
dual-slot,2342,1227882496,3.075154
dual-slot,2343,1228406784,3.084992
dual-slot,2344,1228931072,3.115548
dual-slot,2345,1229455360,3.06363
dual-slot,2346,1229979648,3.010913
dual-slot,2347,1230503936,3.078289
dual-slot,2348,1231028224,3.10562
dual-slot,2349,1231552512,3.115999
dual-slot,2350,1232076800,3.04975
dual-slot,2351,1232601088,3.027379
dual-slot,2352,1233125376,2.916221
dual-slot,2353,1233649664,3.09458
dual-slot,2354,1234173952,3.030445
dual-slot,2355,1234698240,3.111072
dual-slot,2356,1235222528,3.095953
dual-slot,2357,1235746816,3.084583
dual-slot,2358,1236271104,3.079563
dual-slot,2359,1236795392,3.055531
dual-slot,2360,1237319680,3.049178
dual-slot,2361,1237843968,3.099946
dual-slot,2362,1238368256,3.101189
dual-slot,2363,1238892544,3.0855
dual-slot,2364,1239416832,3.045936
dual-slot,2365,1239941120,3.092275
dual-slot,2366,1240465408,3.052878
dual-slot,2367,1240989696,3.090339
dual-slot,2368,1241513984,3.106352
dual-slot,2369,1242038272,2.945046
dual-slot,2370,1242562560,3.078957
dual-slot,2371,1243086848,2.959304
dual-slot,2372,1243611136,2.916282
dual-slot,2373,1244135424,3.126327
dual-slot,2374,1244659712,3.075769
dual-slot,2375,1245184000,3.014949
dual-slot,2376,1245708288,3.104485
dual-slot,2377,1246232576,3.087112
dual-slot,2378,1246756864,3.040194
dual-slot,2379,1247281152,3.002132
dual-slot,2380,1247805440,3.06745
dual-slot,2381,1248329728,3.060803
dual-slot,2382,1248854016,3.039681
dual-slot,2383,1249378304,2.925087
dual-slot,2384,1249902592,3.073822
dual-slot,2385,1250426880,3.075331
dual-slot,2386,1250951168,3.04942
dual-slot,2387,1251475456,3.128044
dual-slot,2388,1251999744,3.101619
dual-slot,2389,1252524032,3.047133
dual-slot,2390,1253048320,2.942571
dual-slot,2391,1253572608,3.076354
dual-slot,2392,1254096896,2.962112
dual-slot,2393,1254621184,3.00244
dual-slot,2394,1255145472,3.028693
dual-slot,2395,1255669760,2.997272
dual-slot,2396,1256194048,2.97711
dual-slot,2397,1256718336,3.083343
dual-slot,2398,1257242624,2.998221
dual-slot,2399,1257766912,3.008487
dual-slot,2400,1258291200,3.079267
dual-slot,2401,1258815488,2.987189
dual-slot,2402,1259339776,3.072114
dual-slot,2403,1259864064,3.188976
dual-slot,2404,1260388352,3.12238
dual-slot,2405,1260912640,3.099078
dual-slot,2406,1261436928,2.994352
dual-slot,2407,1261961216,3.12978
dual-slot,2408,1262485504,3.060802
dual-slot,2409,1263009792,2.983013
dual-slot,2410,1263534080,3.099263
dual-slot,2411,1264058368,3.054359
dual-slot,2412,1264582656,3.030742
dual-slot,2413,1265106944,3.054249
dual-slot,2414,1265631232,3.03572
dual-slot,2415,1266155520,3.068028
dual-slot,2416,1266679808,2.942326
dual-slot,2417,1267204096,3.114348
dual-slot,2418,1267728384,3.070257
dual-slot,2419,1268252672,2.943528
dual-slot,2420,1268776960,3.081221
dual-slot,2421,1269301248,2.986687
dual-slot,2422,1269825536,3.097763
dual-slot,2423,1270349824,3.053676
dual-slot,2424,1270874112,3.127938
dual-slot,2425,1271398400,3.097245
dual-slot,2426,1271922688,2.994812
dual-slot,2427,1272446976,3.102162
dual-slot,2428,1272971264,3.044924
dual-slot,2429,1273495552,3.066784
dual-slot,2430,1274019840,3.068348
dual-slot,2431,1274544128,3.020505
dual-slot,2432,1275068416,3.023979
dual-slot,2433,1275592704,3.039594
dual-slot,2434,1276116992,3.089024
dual-slot,2435,1276641280,3.09046
dual-slot,2436,1277165568,3.012907
dual-slot,2437,1277689856,3.01912
dual-slot,2438,1278214144,3.144459
dual-slot,2439,1278738432,3.026868
dual-slot,2440,1279262720,3.077624
dual-slot,2441,1279787008,3.057558
dual-slot,2442,1280311296,2.963069
dual-slot,2443,1280835584,3.143059
dual-slot,2444,1281359872,3.061937
dual-slot,2445,1281884160,3.07589
dual-slot,2446,1282408448,3.056121
dual-slot,2447,1282932736,3.101557
dual-slot,2448,1283457024,3.002686
dual-slot,2449,1283981312,3.109206
dual-slot,2450,1284505600,3.067585
dual-slot,2451,1285029888,3.075397
dual-slot,2452,1285554176,3.007162
dual-slot,2453,1286078464,3.075758
dual-slot,2454,1286602752,2.993356
dual-slot,2455,1287127040,3.102894
dual-slot,2456,1287651328,3.072816
dual-slot,2457,1288175616,3.092741
dual-slot,2458,1288699904,3.051744
dual-slot,2459,1289224192,3.06873
dual-slot,2460,1289748480,3.050856
dual-slot,2461,1290272768,3.000477
dual-slot,2462,1290797056,3.011093
dual-slot,2463,1291321344,3.131963
dual-slot,2464,1291845632,3.082883
dual-slot,2465,1292369920,3.058911
dual-slot,2466,1292894208,3.025941
dual-slot,2467,1293418496,2.959125
dual-slot,2468,1293942784,2.926082
dual-slot,2469,1294467072,2.984856
dual-slot,2470,1294991360,3.019985
dual-slot,2471,1295515648,3.050547
dual-slot,2472,1296039936,3.126954
dual-slot,2473,1296564224,3.072884
dual-slot,2474,1297088512,3.014685
dual-slot,2475,1297612800,3.138525
dual-slot,2476,1298137088,3.034065
dual-slot,2477,1298661376,3.034144
dual-slot,2478,1299185664,2.997192
dual-slot,2479,1299709952,3.093856
dual-slot,2480,1300234240,2.991421
dual-slot,2481,1300758528,3.138145
dual-slot,2482,1301282816,2.926031
dual-slot,2483,1301807104,3.164412
dual-slot,2484,1302331392,3.119772
dual-slot,2485,1302855680,2.990995
dual-slot,2486,1303379968,3.029304
dual-slot,2487,1303904256,3.063655
dual-slot,2488,1304428544,3.038151
dual-slot,2489,1304952832,2.977653
dual-slot,2490,1305477120,3.024347
dual-slot,2491,1306001408,3.081343
dual-slot,2492,1306525696,2.991617
dual-slot,2493,1307049984,2.988359
dual-slot,2494,1307574272,2.987278
dual-slot,2495,1308098560,2.975372
dual-slot,2496,1308622848,3.005061
dual-slot,2497,1309147136,3.081934
dual-slot,2498,1309671424,3.011126
dual-slot,2499,1310195712,2.942091
dual-slot,2500,1310720000,3.055832
dual-slot,2501,1311244288,3.08333
dual-slot,2502,1311768576,3.020349
dual-slot,2503,1312292864,2.9653
dual-slot,2504,1312817152,3.030746
dual-slot,2505,1313341440,3.046396
dual-slot,2506,1313865728,3.020002
dual-slot,2507,1314390016,3.069257
dual-slot,2508,1314914304,3.085836
dual-slot,2509,1315438592,3.043087
dual-slot,2510,1315962880,2.986022
dual-slot,2511,1316487168,2.983034
dual-slot,2512,1317011456,2.999846
dual-slot,2513,1317535744,3.140017
dual-slot,2514,1318060032,2.949432
dual-slot,2515,1318584320,3.01384
dual-slot,2516,1319108608,3.008544
dual-slot,2517,1319632896,3.025571
dual-slot,2518,1320157184,3.010515
dual-slot,2519,1320681472,3.030018
dual-slot,2520,1321205760,3.005404
dual-slot,2521,1321730048,3.034404
dual-slot,2522,1322254336,3.121626
dual-slot,2523,1322778624,2.992166
dual-slot,2524,1323302912,3.151573
dual-slot,2525,1323827200,3.00397
dual-slot,2526,1324351488,2.955758
dual-slot,2527,1324875776,3.090249
dual-slot,2528,1325400064,2.994143
dual-slot,2529,1325924352,3.103698
dual-slot,2530,1326448640,3.086487
dual-slot,2531,1326972928,3.05017
dual-slot,2532,1327497216,3.047812
dual-slot,2533,1328021504,3.114305
dual-slot,2534,1328545792,3.011181
dual-slot,2535,1329070080,3.116101
dual-slot,2536,1329594368,3.014564
dual-slot,2537,1330118656,3.009992
dual-slot,2538,1330642944,3.068592
dual-slot,2539,1331167232,3.05107
dual-slot,2540,1331691520,3.083814
dual-slot,2541,1332215808,3.067288
dual-slot,2542,1332740096,3.001287
dual-slot,2543,1333264384,3.099556
dual-slot,2544,1333788672,2.957298
dual-slot,2545,1334312960,2.941318
dual-slot,2546,1334837248,3.091251
dual-slot,2547,1335361536,3.062664
dual-slot,2548,1335885824,3.072433
dual-slot,2549,1336410112,3.036173
dual-slot,2550,1336934400,3.096216
dual-slot,2551,1337458688,3.007482
dual-slot,2552,1337982976,3.007822
dual-slot,2553,1338507264,3.031344
dual-slot,2554,1339031552,3.009279
dual-slot,2555,1339555840,3.061022
dual-slot,2556,1340080128,3.039962
dual-slot,2557,1340604416,3.110844
dual-slot,2558,1341128704,3.054129
dual-slot,2559,1341652992,3.006677
dual-slot,2560,1342177280,3.087819
dual-slot,2561,1342701568,3.053954
dual-slot,2562,1343225856,3.084068
dual-slot,2563,1343750144,3.140569
dual-slot,2564,1344274432,2.995176
dual-slot,2565,1344798720,3.075406
dual-slot,2566,1345323008,3.130883
dual-slot,2567,1345847296,2.939666
dual-slot,2568,1346371584,3.021309
dual-slot,2569,1346895872,3.104844
dual-slot,2570,1347420160,2.98782
dual-slot,2571,1347944448,3.167308
dual-slot,2572,1348468736,3.045165
dual-slot,2573,1348993024,3.137391
dual-slot,2574,1349517312,3.111849
dual-slot,2575,1350041600,3.021807
dual-slot,2576,1350565888,2.945106
dual-slot,2577,1351090176,3.124108
dual-slot,2578,1351614464,2.988029
dual-slot,2579,1352138752,3.019456
dual-slot,2580,1352663040,3.067888
dual-slot,2581,1353187328,3.027616
dual-slot,2582,1353711616,3.067364
dual-slot,2583,1354235904,3.023172
dual-slot,2584,1354760192,3.065736
dual-slot,2585,1355284480,2.989393
dual-slot,2586,1355808768,3.088386
dual-slot,2587,1356333056,3.10788
dual-slot,2588,1356857344,2.993127
dual-slot,2589,1357381632,3.004226
dual-slot,2590,1357905920,3.071347
dual-slot,2591,1358430208,2.986437
dual-slot,2592,1358954496,3.042391
dual-slot,2593,1359478784,3.061356
dual-slot,2594,1360003072,3.095835
dual-slot,2595,1360527360,3.025482
dual-slot,2596,1361051648,3.023008
dual-slot,2597,1361575936,3.14039
dual-slot,2598,1362100224,3.123993
dual-slot,2599,1362624512,3.056735
dual-slot,2600,1363148800,3.091445
dual-slot,2601,1363673088,3.047482
dual-slot,2602,1364197376,3.068596
dual-slot,2603,1364721664,3.067835
dual-slot,2604,1365245952,2.93998
dual-slot,2605,1365770240,3.091288
dual-slot,2606,1366294528,3.032396
dual-slot,2607,1366818816,3.027033
dual-slot,2608,1367343104,3.056626
dual-slot,2609,1367867392,3.055701
dual-slot,2610,1368391680,3.097217
dual-slot,2611,1368915968,3.125194
dual-slot,2612,1369440256,3.063566
dual-slot,2613,1369964544,3.048076
dual-slot,2614,1370488832,3.023308
dual-slot,2615,1371013120,3.0716
dual-slot,2616,1371537408,3.030912
dual-slot,2617,1372061696,3.055684
dual-slot,2618,1372585984,3.03037
dual-slot,2619,1373110272,3.002796
dual-slot,2620,1373634560,3.05571
dual-slot,2621,1374158848,3.092129
dual-slot,2622,1374683136,2.986112
dual-slot,2623,1375207424,3.060373
dual-slot,2624,1375731712,3.121358
dual-slot,2625,1376256000,3.070031
dual-slot,2626,1376780288,3.090421
dual-slot,2627,1377304576,2.941017
dual-slot,2628,1377828864,3.059593
dual-slot,2629,1378353152,3.067039
dual-slot,2630,1378877440,3.117105
dual-slot,2631,1379401728,3.056414
dual-slot,2632,1379926016,3.0729
dual-slot,2633,1380450304,3.010593
dual-slot,2634,1380974592,3.04604
dual-slot,2635,1381498880,3.031195
dual-slot,2636,1382023168,3.085094
dual-slot,2637,1382547456,3.013335
dual-slot,2638,1383071744,3.048813
dual-slot,2639,1383596032,2.947775
dual-slot,2640,1384120320,3.037954
dual-slot,2641,1384644608,3.09113
dual-slot,2642,1385168896,3.042036
dual-slot,2643,1385693184,3.07573
dual-slot,2644,1386217472,3.077073
dual-slot,2645,1386741760,2.953278
dual-slot,2646,1387266048,3.11174
dual-slot,2647,1387790336,3.057942
dual-slot,2648,1388314624,3.028124
dual-slot,2649,1388838912,3.02697
dual-slot,2650,1389363200,3.010581
dual-slot,2651,1389887488,3.031752
dual-slot,2652,1390411776,3.055055
dual-slot,2653,1390936064,2.970974
dual-slot,2654,1391460352,3.212949
dual-slot,2655,1391984640,3.088624
dual-slot,2656,1392508928,2.990945
dual-slot,2657,1393033216,3.136199
dual-slot,2658,1393557504,3.035482
dual-slot,2659,1394081792,3.071979
dual-slot,2660,1394606080,3.109734
dual-slot,2661,1395130368,2.990546
dual-slot,2662,1395654656,3.035641
dual-slot,2663,1396178944,2.963522
dual-slot,2664,1396703232,3.014449
dual-slot,2665,1397227520,3.050047
dual-slot,2666,1397751808,3.102107
dual-slot,2667,1398276096,3.069916
dual-slot,2668,1398800384,3.112499
dual-slot,2669,1399324672,2.968482
dual-slot,2670,1399848960,3.059366
dual-slot,2671,1400373248,3.053974
dual-slot,2672,1400897536,3.033788
dual-slot,2673,1401421824,2.964542
dual-slot,2674,1401946112,3.100027
dual-slot,2675,1402470400,3.063945
dual-slot,2676,1402994688,3.011272
dual-slot,2677,1403518976,2.922526
dual-slot,2678,1404043264,2.956788
dual-slot,2679,1404567552,2.990579
dual-slot,2680,1405091840,3.053875
dual-slot,2681,1405616128,3.026451
dual-slot,2682,1406140416,2.989409
dual-slot,2683,1406664704,3.043847
dual-slot,2684,1407188992,2.993868
dual-slot,2685,1407713280,3.037073
dual-slot,2686,1408237568,2.980281
dual-slot,2687,1408761856,3.08759
dual-slot,2688,1409286144,3.053726
dual-slot,2689,1409810432,2.990363
dual-slot,2690,1410334720,3.001484
dual-slot,2691,1410859008,3.109261
dual-slot,2692,1411383296,2.916311
dual-slot,2693,1411907584,3.122096
dual-slot,2694,1412431872,3.011375
dual-slot,2695,1412956160,3.094838
dual-slot,2696,1413480448,3.094164
dual-slot,2697,1414004736,3.077365
dual-slot,2698,1414529024,2.996648
dual-slot,2699,1415053312,2.972627
dual-slot,2700,1415577600,2.985487
dual-slot,2701,1416101888,2.999013
dual-slot,2702,1416626176,3.11167
dual-slot,2703,1417150464,2.982736
dual-slot,2704,1417674752,3.037176
dual-slot,2705,1418199040,2.996478
dual-slot,2706,1418723328,3.043945
dual-slot,2707,1419247616,3.127084
dual-slot,2708,1419771904,3.022822
dual-slot,2709,1420296192,2.950093
dual-slot,2710,1420820480,2.913002
dual-slot,2711,1421344768,3.135561
dual-slot,2712,1421869056,3.052159
dual-slot,2713,1422393344,2.972795
dual-slot,2714,1422917632,3.038898
dual-slot,2715,1423441920,3.004518
dual-slot,2716,1423966208,2.976111
dual-slot,2717,1424490496,3.101344
dual-slot,2718,1425014784,2.964973
dual-slot,2719,1425539072,3.104375
dual-slot,2720,1426063360,3.045623
dual-slot,2721,1426587648,2.960155
dual-slot,2722,1427111936,3.049018
dual-slot,2723,1427636224,3.077651
dual-slot,2724,1428160512,3.009923
dual-slot,2725,1428684800,3.009014
dual-slot,2726,1429209088,3.065745
dual-slot,2727,1429733376,3.063594
dual-slot,2728,1430257664,3.077536
dual-slot,2729,1430781952,3.022284
dual-slot,2730,1431306240,3.05219
dual-slot,2731,1431830528,2.968063
dual-slot,2732,1432354816,3.035022
dual-slot,2733,1432879104,3.052573
dual-slot,2734,1433403392,3.108794
dual-slot,2735,1433927680,3.010806
dual-slot,2736,1434451968,2.999867
dual-slot,2737,1434976256,2.987796
dual-slot,2738,1435500544,3.090459
dual-slot,2739,1436024832,3.027441
dual-slot,2740,1436549120,3.048031
dual-slot,2741,1437073408,2.917554
dual-slot,2742,1437597696,2.989512
dual-slot,2743,1438121984,3.005022
dual-slot,2744,1438646272,3.030879
dual-slot,2745,1439170560,3.120676
dual-slot,2746,1439694848,3.072377
dual-slot,2747,1440219136,3.105056
dual-slot,2748,1440743424,2.991711
dual-slot,2749,1441267712,3.145481
dual-slot,2750,1441792000,2.988335
dual-slot,2751,1442316288,3.044874
dual-slot,2752,1442840576,2.981414
dual-slot,2753,1443364864,2.995694
dual-slot,2754,1443889152,2.950843
dual-slot,2755,1444413440,3.104391
dual-slot,2756,1444937728,3.043669
dual-slot,2757,1445462016,2.992962
dual-slot,2758,1445986304,3.062489
dual-slot,2759,1446510592,3.11477
dual-slot,2760,1447034880,2.983813
dual-slot,2761,1447559168,2.968865
dual-slot,2762,1448083456,3.016389
dual-slot,2763,1448607744,3.008018
dual-slot,2764,1449132032,3.014262
dual-slot,2765,1449656320,3.005007
dual-slot,2766,1450180608,3.07446
dual-slot,2767,1450704896,3.053655
dual-slot,2768,1451229184,2.990841
dual-slot,2769,1451753472,2.984526
dual-slot,2770,1452277760,3.008868
dual-slot,2771,1452802048,2.888975
dual-slot,2772,1453326336,3.062038
dual-slot,2773,1453850624,3.006534
dual-slot,2774,1454374912,2.91412
dual-slot,2775,1454899200,3.077853
dual-slot,2776,1455423488,3.070667
dual-slot,2777,1455947776,3.121133
dual-slot,2778,1456472064,2.951209
dual-slot,2779,1456996352,3.038267
dual-slot,2780,1457520640,3.018873
dual-slot,2781,1458044928,3.062615
dual-slot,2782,1458569216,3.019825
dual-slot,2783,1459093504,3.00738
dual-slot,2784,1459617792,3.020587
dual-slot,2785,1460142080,3.033121
dual-slot,2786,1460666368,3.065646
dual-slot,2787,1461190656,2.997787
dual-slot,2788,1461714944,2.959671
dual-slot,2789,1462239232,3.026872
dual-slot,2790,1462763520,3.007553
dual-slot,2791,1463287808,2.977662
dual-slot,2792,1463812096,3.080704
dual-slot,2793,1464336384,3.027785
dual-slot,2794,1464860672,2.903919
dual-slot,2795,1465384960,3.065448
dual-slot,2796,1465909248,3.045565
dual-slot,2797,1466433536,3.023772
dual-slot,2798,1466957824,3.048034
dual-slot,2799,1467482112,3.010018
dual-slot,2800,1468006400,3.076407
dual-slot,2801,1468530688,3.030123
dual-slot,2802,1469054976,3.042915
dual-slot,2803,1469579264,3.001941
dual-slot,2804,1470103552,3.134342
dual-slot,2805,1470627840,3.016228
dual-slot,2806,1471152128,3.009837
dual-slot,2807,1471676416,3.050449
dual-slot,2808,1472200704,2.982747
dual-slot,2809,1472724992,3.156524
dual-slot,2810,1473249280,2.973129
dual-slot,2811,1473773568,3.033216
dual-slot,2812,1474297856,3.00737
dual-slot,2813,1474822144,3.022832
dual-slot,2814,1475346432,3.102034
dual-slot,2815,1475870720,2.975544
dual-slot,2816,1476395008,2.944674
dual-slot,2817,1476919296,3.051725
dual-slot,2818,1477443584,3.099767
dual-slot,2819,1477967872,2.942445
dual-slot,2820,1478492160,3.074691
dual-slot,2821,1479016448,3.035399
dual-slot,2822,1479540736,3.036005
dual-slot,2823,1480065024,3.067137
dual-slot,2824,1480589312,3.063986
dual-slot,2825,1481113600,3.071836
dual-slot,2826,1481637888,3.047473
dual-slot,2827,1482162176,3.070685
dual-slot,2828,1482686464,3.063025
dual-slot,2829,1483210752,3.055496
dual-slot,2830,1483735040,3.021714
dual-slot,2831,1484259328,3.088043
dual-slot,2832,1484783616,2.955587
dual-slot,2833,1485307904,2.987933
dual-slot,2834,1485832192,3.003254
dual-slot,2835,1486356480,3.085478
dual-slot,2836,1486880768,2.960606
